순번,회사명,공장대표주소(도로명),공장대표주소(지번),업종명,전화번호,팩스번호,외국인(남),외국인(여),종업원수,생산품
1,(주)BM,"부산광역시 영도구 태종로 727, 한국해양대학교 창업보육센터508 (동삼동)",부산광역시 영도구 동삼동 1 번지 한국해양대학교 창업보육센터508,바이오매스계 기초 화학물질 제조업 외 2 종,070-4066-1310,051-203-1244,0,0,4,유기농 천연소재
2,(주)HJ중공업,"부산광역시 영도구 태종로 233, 외 2필지 (봉래동5가) 외 2필지",부산광역시 영도구 봉래동5가 3 외 2필지 외 2필지,강선 건조업 외 7 종,051-410-3114,051-410-8465,104,0,1362,선박
3,(주)거청,"부산광역시 영도구 해양로 125 (청학동, (주)거청) (총 6 필지) 외 5필지",부산광역시 영도구 청학동 1-35번지 외 5필지,선박 구성 부분품 제조업,051-418-7741,051-418-7749,0,0,53,선박철구조물
4,(주)경인,부산광역시 영도구 해양로 24-11 (청학동),부산광역시 영도구 청학동 322-12번지,선박 구성 부분품 제조업,051-418-5642,051-418-5645,1,,6,"선박수리부품(냉동기, 기관등)"
5,(주)경진스크류,부산광역시 영도구 대평로34번길 9-15 (대평동2가),부산광역시 영도구 대평동2가 192번지,선박 구성 부분품 제조업,051-416-3082,051-416-5784,0,0,4,선박용 스크류
6,(주)광문오션케어,"부산광역시 영도구 남항서로 85, 227호(남항동2가, 국제선용품유통센터)",부산광역시 영도구 남항동2가 16 국제선용품유통센터 227호,선박 구성 부분품 제조업 외 1 종,051-710-7390,070-4275-1812,,,12,선박수리
7,(주)그림스,부산광역시 영도구 해양로65번길 29 (청학동),부산광역시 영도구 청학동 217-80번지,선박 구성 부분품 제조업,051-313-2222,051-941-3633,,,7,선박부분품 및 선박수리
8,(주)금남선박,"부산광역시 영도구 해양로23번길 16 (청학동, (주)금남)",부산광역시 영도구 청학동 330-110번지 (주)금남,목재문 및 관련제품 제조업 외 1 종,051-413-8001,051-413-8005,,,2,"선박목의장수리, 제작"
9,(주)다우코 영도지점,부산광역시 영도구 대평로 10-4 (대평동1가),부산광역시 영도구 대평동1가 61-1번지,유압기기 제조업,051-415-3155,051-417-3150,,,4,"사프트, 라이너"
10,(주)대경지티씨,부산광역시 영도구 해양로 33-13 (청학동),부산광역시 영도구 청학동 330-143번지,선박 구성 부분품 제조업,051-418-1117,051-418-8117,,,8,선박수리(엔진)
11,(주)대보,"부산광역시 영도구 절영로 72, 3,4층 (남항동2가)","부산광역시 영도구 남항동2가 65-23번지 3,4층","근무복, 작업복 및 유사의복 제조업 외 2 종",051-412-1775,051-412-1775,,,6,의류
12,(주)대신정밀,부산광역시 영도구 봉래나루로 174 (봉래동2가),부산광역시 영도구 봉래동2가 145-14번지,선박 구성 부분품 제조업,051-417-8874,051-414-8874,0,0,8,선박부품제작 및 가공
13,(주)대영이엔지,,부산광역시 영도구 청학동 1-244,선박 구성 부분품 제조업 외 1 종,051-412-8203,051-413-8203,2,1,12,"선박구성부분품 , 주형 및 금형 제조"
14,(주)동광,부산광역시 영도구 남항서로92번길 26 (남항동2가),부산광역시 영도구 남항동2가 119번지,선박 구성 부분품 제조업,051-418-7335,051-418-7336,,,5,선박기계장비
15,(주)동남비엔씨,부산광역시 영도구 대평남로 66-1 (대평동2가),부산광역시 영도구 대평동2가 89-11번지,선박 구성 부분품 제조업,051-413-1675,051-412-0194,,,5,"선박엔진수리,선박부품"
16,(주)동서산업,부산광역시 영도구 해양로 225 (동삼동),부산광역시 영도구 동삼동 201-49번지,레미콘 제조업,051-403-3055,051-337-7144,,,8,레미콘
17,(주)동신기전,부산광역시 영도구 해양로 221 (동삼동),부산광역시 영도구 동삼동 201-52번지,선박 구성 부분품 제조업,051-418-7880,051-418-7885,,,15,전기판넬등
18,(주)동아디젤,부산광역시 영도구 대평로6번길 14 (남항동1가),부산광역시 영도구 남항동1가 18번지,선박 구성 부분품 제조업 외 1 종,051-415-1250,051-415-1461,0,0,12,선박엔진부품
19,(주)동양이엔씨,"부산광역시 영도구 태종로 40, 202호(대교동1가, 브릿지타워)",부산광역시 영도구 대교동1가 1 브릿지타워 202호,배전반 및 전기 자동제어반 제조업,02-575-9526,070-4850-8160,,,3,빌딩자동제어장치
20,(주)동양터보엔텍,부산광역시 영도구 대평로 63 (대평동2가),부산광역시 영도구 대평동2가 89-1번지,선박 구성 부분품 제조업,051-417-9002,051-417-9004,0,0,5,선박구성부분품제조
21,(주)동진해상교역,부산광역시 영도구 남항서로 64 (남항동3가),부산광역시 영도구 남항동3가 22번지,선박 구성 부분품 제조업 외 1 종,051-418-8501,051-418-8506,0,0,26,"선박기계부속,액체펌프(Impeller,shaft등"
22,(주)두익이엔지,"부산광역시 영도구 해양로 31, 1,3층 (청학동, (주)세화기업 공장)","부산광역시 영도구 청학동 330-147번지 (주)세화기업 공장 1,3층",선박 구성 부분품 제조업,051-466-9492,051-467-8586,1,,8,온도센서
23,(주)디에스 토탈마린,"부산광역시 영도구 해양로111번길 32, 2층(청학동)",부산광역시 영도구 청학동 1-37 2층,선박 구성 부분품 제조업 외 1 종,051-412-9993,051-412-9994,,,1,"선박수리, 선박엔진부품, 수상 부유 구조물"
24,(주)디에스케이,부산광역시 영도구 남항남로 24 (남항동3가),부산광역시 영도구 남항동3가 141-139번지,선박 구성 부분품 제조업 외 5 종,051-417-7800,051-417-7833,7,0,90,"piston crown, 선박엔진수리, 내연기관 부품수리, 자동차 부품, 선박, 선박기자재"
25,(주)매일마린,"부산광역시 영도구 해양로 17 (청학동, (주)매일마린)",부산광역시 영도구 청학동 330-101번지,액체 펌프 제조업 외 1 종,051-417-9271,051-417-9276,0,0,22,"각종 펌프, 선박구성부분품 제조 및 선박 수리"
26,(주)보성일렉트릭,"부산광역시 영도구 남항서로82번길 61 (남항동2가, 신영선박공장)",부산광역시 영도구 남항동2가 186-5번지,"전기회로 개폐, 보호장치 제조업 외 1 종",051-414-8667,051-414-8668,0,0,1,전기변압기 및 판넬
27,(주)부산조선해양,"부산광역시 영도구 해양로15번길 1, 3층 (청학동, 선진조선)",부산광역시 영도구 청학동 330-100번지 선진조선 3층,선박 구성 부분품 제조업 외 2 종,051-416-5511,051-417-3966,,,10,선박수리(철의장)
28,(주)비에스오션,부산광역시 영도구 해양로79번길 30 (청학동),부산광역시 영도구 청학동 217-37번지,선박 구성 부분품 제조업,051-412-8977,051-412-8988,,1,8,선박부품
29,(주)사라콤부산지점,"부산광역시 영도구 남항서로 6-11 (남항동3가, (주)사라콤)",부산광역시 영도구 남항동3가 141-164번지,"레이더, 항행용 무선기기 및 측량기구 제조업 외 6 종",051-600-9086,051-600-9095,0,0,20,"GMDS,AIS 등"
30,(주)삼영테크,부산광역시 영도구 남항남로19번길 41 (남항동3가),부산광역시 영도구 남항동3가 33번지,선박 구성 부분품 제조업,051-413-3030,051-413-9804,0,0,10,선박 철 의장품
31,(주)서윤메탈,부산광역시 영도구 남항서로 74-1 (남항동3가),부산광역시 영도구 남항동3가 1-22번지,선박 구성 부분품 제조업 외 1 종,051-415-2045,051-205-9552,,,2,방식아연
32,(주)서진선박,부산광역시 영도구 해양로 24-9 (청학동),부산광역시 영도구 청학동 322-8번지,선박 구성 부분품 제조업,051-415-4031,051-415-4033,,,3,"슬리브, 라이너"
33,(주)선우선박,부산광역시 영도구 대평로 63-1 (대평동2가),부산광역시 영도구 대평동2가 89번지,선박 구성 부분품 제조업,051-418-1020,051-412-7161,0,0,7,선박구성부분품
34,(주)선진종합,부산광역시 영도구 대평로41번길 3 (대평동2가),부산광역시 영도구 대평동2가  40번지,내연기관 제조업 외 5 종,051-414-7300,051-414-8870,0,0,26,"선박엔진부품및기자재, 선박엔진부품및기자재, 선박엔진부품및기자재, 선박엔진부품및기자재, 선박건조, 선박건조"
35,(주)성광마린,부산광역시 영도구 대평남로51번길 8-5 (대평동2가),부산광역시 영도구 대평동2가 11번지,강선 건조업 외 2 종,051-418-1988,051-416-6174,,,6,"강선건조, 선박수리"
36,(주)성보이엔지,부산광역시 영도구 남항남로 18-1 (남항동3가),부산광역시 영도구 남항동3가 141-151번지,선박 구성 부분품 제조업,051-416-1868,,0,0,3,"조선기자재(선박용 스피커, 콘테이너 연결 자동록킹장치)"
37,(주)세웅,부산광역시 영도구 대평북로 43 (대평동2가),부산광역시 영도구 대평동2가 196번지,선박 구성 부분품 제조업 외 1 종,051-464-3368,051-404-3368,,,3,목의장품
38,(주)세웅컴퍼니,부산광역시 영도구 대평북로 43 (대평동2가),부산광역시 영도구 대평동2가 196,선박 구성 부분품 제조업 외 1 종,051-715-1125,051-269-1155,,,3,목의장품
39,(주)세진비앤씨,부산광역시 영도구 남항서로70번길 12 (남항동3가),부산광역시 영도구 남항동3가 21-1번지,선박 구성 부분품 제조업 외 2 종,051-714-4555,051-714-4554,,,23,"선박용 엔진 및 발전기 수리,제조"
40,(주)순흥,부산광역시 영도구 해양로 248 (동삼동),부산광역시 영도구 동삼동 190번지,선박 구성 부분품 제조업,051-412-8856,051-414-8857,,,5,보온단열재
41,(주)스카이오프쇼어,부산광역시 영도구 해양로15번길 1(청학동),부산광역시 영도구 청학동 330-100,선박 구성 부분품 제조업,051-781-2582,051-781-2584,,,3,선박기계 수리 및 정비
42,(주)신선정밀산업,부산광역시 영도구 남항서로 66 (남항동3가),부산광역시 영도구 남항동3가 21-9번지,유압기기 제조업,051-417-8713,051-417-8722,0,0,3,"공기압축기부품(실린더,샤프트,피스톤)"
43,(주)신한디젤상사,부산광역시 영도구 남항서로 98 (남항동2가),부산광역시 영도구 남항동2가  27-3번지,절삭가공 및 유사처리업,051-415-0987,051-418-5252,0,0,12,선박디젤부품
44,(주)씨넷,"부산광역시 영도구 절영로 542, 2층 (동삼동)",부산광역시 영도구 동삼동 385-7번지 2층,"레이더, 항행용 무선기기 및 측량기구 제조업 외 1 종",051-417-5802,051-417-5804,,,28,UHF Communication System
45,(주)씨넷,부산광역시 영도구 해양로188번길 20 (청학동),부산광역시 영도구 청학동 1-188번지,"레이더, 항행용 무선기기 및 측량기구 제조업 외 1 종",051-417-5802,051-417-5804,,,2,"항해통신장비,조선가자재 외"
46,(주)아라트,부산광역시 영도구 해양로 33-52 (청학동),부산광역시 영도구 청학동 330-59번지,선박 구성 부분품 제조업 외 4 종,051-418-7976,051-418-7975,,,4,"산업용기계,선박수리"
47,(주)아토큐라,부산광역시 영도구 태종로 736 (동삼동),부산광역시 영도구 동삼동 746-2,화장품 제조업,051-403-5207,050-4489-5207,,,1,"화장품, 즉석제조식품(건강차)"
48,(주)애드원플러스,"부산광역시 영도구 동삼서로 52, 지하1층 101호 (동삼동, 장원빌라)",부산광역시 영도구 동삼동 219-61번지 장원빌라 지하1층 101호,경 인쇄업 외 1 종,070-4390-3851,,,,2,인쇄
49,(주)에스케이유니온,부산광역시 영도구 해양로 24 (청학동),부산광역시 영도구 청학동 322번지,선박 구성 부분품 제조업,051-741-9881,051-741-9882,,,2,선박부품
50,(주)에스피,부산광역시 영도구 해양로57번길 13 (청학동),부산광역시 영도구 청학동 217-126번지,선박 구성 부분품 제조업,051-412-2684,,,,3,magnetic compass(자기나침반)
51,(주)에이치케이이,부산광역시 영도구 남항서로104번길 6 (남항동2가),부산광역시 영도구 남항동2가 29-1번지,내연기관 제조업,051-415-2494,051-415-2493,2,,19,선박엔진부품(VALVE CAGE)
52,(주)엔와이일렉트릭,부산광역시 영도구 남항남로19번길 53 (남항동2가),부산광역시 영도구 남항동2가 133-2번지,배전반 및 전기 자동제어반 제조업 외 1 종,051-415-3005,051-413-8260,0,0,9,배전반 제작설치
53,(주)엠바이지,부산광역시 영도구 남항서로 42 (남항동3가),부산광역시 영도구 남항동3가 141-167번지,항공기용 부품 제조업 외 32 종,051-415-0970,051-415-0976,,,16,"전기전자 시험장비, 인쇄회로판등"
54,(주)엠텍통신,부산광역시 영도구 산업로 15 (청학동),부산광역시 영도구 청학동 5-20번지,기타 무선 통신장비 제조업,051-418-6007,051-418-6009,0,0,7,Public address
55,(주)엠티이,"부산광역시 영도구 남항남로 23-5 (남항동3가, (주)D.S.K공장)",부산광역시 영도구 남항동3가 73-27번지 (주)D.S.K공장,선박 구성 부분품 제조업,051-415-3177,051-415-3177,,,2,선박부품
56,(주)오션컴,"부산광역시 영도구 대평로 9-4, (2층,3층) (대평동1가)","부산광역시 영도구 대평동1가 85-5번지 (2층,3층)",기타 무선 통신장비 제조업,051-418-0366,051-418-0368,0,0,5,무선통신기기수리.제작
57,(주)와이에이치마린,부산광역시 영도구 해양로 24 (청학동),부산광역시 영도구 청학동 322번지,선박 구성 부분품 제조업,051-412-7253,051-415-2185,,,9,"선박기 부속, 선박수리"
58,(주)와이케이토탈,부산광역시 영도구 해양로 33-32 (청학동),부산광역시 영도구 청학동 330-134,선박 구성 부분품 제조업,051-464-5939,051-980-5939,,,2,"STEEL PIPE, 선박부품"
59,(주)우성마린엔지니어링,부산광역시 영도구 해양로 33-52 (청학동),부산광역시 영도구 청학동 330-59번지,선박 구성 부분품 제조업 외 6 종,051-418-7977,051-418-7975,,,9,"강판, 강재"
60,(주)월드씨포트엔지니어링,"부산광역시 영도구 해양로 33-52 (청학동, (주)우성오션테크영도공장)",부산광역시 영도구 청학동 330-59번지 (주)우성오션테크영도공장,선박 구성 부분품 제조업 외 6 종,051-417-6678,051-418-7975,,,3,기관부품
61,(주)유니스테크,부산광역시 영도구 봉래나루로246번길 5 (봉래동4가),부산광역시 영도구 봉래동4가 13-3번지,액체 펌프 제조업 외 1 종,051-442-3590,051-442-3593,,,3,"펌프, 선박부품"
62,(주)유니온 부산녹산지점,"부산광역시 영도구 해양로 125(청학동, (주)거청) 외 2필지",부산광역시 영도구 청학동 1-35 (주)거청 외 2필지,선박 구성 부분품 제조업 외 2 종,051-937-9373,051-973-7374,,,25,선박블럭
63,(주)유니원트레이딩,"부산광역시 영도구 해양로111번길 33, 공장A-2동(청학동)",부산광역시 영도구 청학동 1-174 공장A-2동,기타 일반 기계 및 장비 수리업,051-903-9555,051-903-9553,,,12,선박수리
64,(주)유케이엠에스 코퍼레이션,부산광역시 영도구 남항남로19번길 10 (남항동3가),부산광역시 영도구 남항동3가 74-1,선박 구성 부분품 제조업,070-4207-9726,051-418-9900,,,6,"선박부품, 엔진"
65,(주)이강공사,부산광역시 영도구 남항서로 12 (남항동3가),부산광역시 영도구 남항동3가 141-156번지,선박 구성 부분품 제조업 외 10 종,051-413-8801,051-413-8881,0,0,34,선박관련기계부품
66,(주)이든에프에이,부산광역시 영도구 하나길 485(신선동2가),부산광역시 영도구 신선동2가 99-3,기타 가공 공작기계 제조업,051-728-3995,050-4198-3995,,,3,CNC 스마트 AUTO LOADER
67,(주)일성이엔지,부산광역시 영도구 대교로46번길 17-3 (봉래동1가),부산광역시 영도구 봉래동1가 192-1번지,선박 구성 부분품 제조업 외 23 종,051-412-7038,051-416-7038,0,0,16,"의장품, 기부속, 의장품, 기부속, 의장품, 기부속, 의장품, 기부속, 의장품, 기부속, 의장품, 기부속, 의장품, 기부속, 의장품, 기부속, 의장품, 기부속, 의장품, 기부속, 의장품, 기부속, 의장품, 기부속, 의장품, 기부속, 의장품, 기부속, 의장품, 기부속, 의장품, 기부속, 의장품, 기부속, 의장품, 기부속, 의장품, 기부속, 의장품, 기부속, 의장품, 기부속, 의장품, 기부속, 의장품, 기부속, 의장품, 기부속"
68,(주)일성조선,부산광역시 영도구 남항서로 69-1 (남항동3가),부산광역시 영도구 남항동3가 10-1번지,선박 구성 부분품 제조업 외 2 종,051-418-4411,,0,0,15,"선박제조, 수리"
69,(주)자갈치전복,부산광역시 영도구 절영로 483 (동삼동),부산광역시 영도구 동삼동 486번지,"수산동물 훈제, 조리 및 유사 조제식품 제조업",051-244-0001,051-405-8111,0,0,4,"어패류, 냉장, 냉동수산물 가공"
70,(주)정안테크,부산광역시 영도구 대평북로 29 (대평동1가),부산광역시 영도구 대평동1가 14-1,선박 구성 부분품 제조업,051-416-4992,051-416-4998,,,1,선박기자재
71,(주)정원펌프,부산광역시 영도구 남항남로9번길 54 (남항동2가),부산광역시 영도구 남항동2가 93번지,선박 구성 부분품 제조업,051-413-6272,051-413-6270,,,8,펌프
72,(주)조은전기전자,부산광역시 영도구 해양로195번나길 40 (동삼동),부산광역시 영도구 동삼동 201-85,선박 구성 부분품 제조업,051-261-9510,070-8240-9510,,,6,"선박부품,전기자동제어,모터 등"
73,(주)조타코,부산광역시 영도구 해양로182번길 16 (청학동),부산광역시 영도구 청학동 1-218,선박 구성 부분품 제조업 외 1 종,070-8813-7987,0504-397-7987,,,1,"선박로프해제시스템, AI딥러닝 해양안전관리시스템"
74,(주)종합엔텍,부산광역시 영도구 태종로 528 (동삼동),부산광역시 영도구 동삼동 188-38번지,그 외 기타 전기장비 제조업 외 2 종,051-404-9474,051-404-9476,,,4,"오존정수기,오존발생장치,오존설비"
75,(주)종합하이텍,부산광역시 영도구 대평북로 39 (대평동2가),부산광역시 영도구 대평동2가 199,선박 구성 부분품 제조업 외 2 종,051-710-8683,051-710-8687,,,3,선박수리
76,(주)종합해사청학공장,"부산광역시 영도구 해양로23번길 27 (청학동, (주)종합해사)",부산광역시 영도구 청학동 330-106번지,내연기관 제조업 외 2 종,051-413-7707,051-412-1442,0,0,46,"내연기관, 선박구성부분품, 선박구성부분품, 여과기"
77,(주)종합해양,"부산광역시 영도구 해양로23번길 27, 1층(청학동, (주)종합해사)",부산광역시 영도구 청학동 330-106 (주)종합해사 1층,선박 구성 부분품 제조업 외 3 종,051-715-9901,051-715-9902,,,16,선박부품
78,(주)지엠티엔지니어링,부산광역시 영도구 남항새싹길 186 (영선동4가),부산광역시 영도구 영선동4가 180-4번지,"레이더, 항행용 무선기기 및 측량기구 제조업 외 2 종",051-403-4808,051-403-4807,,,4,"선박용 전기용품,계측장비,항해용 무선기기"
79,(주)진양펌프상사,"부산광역시 영도구 남항서로 6-14 (남항동3가, (주)진양펌프상사) 외 1필지",부산광역시 영도구 남항동3가 141-194번지 외 1필지,액체 펌프 제조업 외 1 종,051-414-8624,051-413-8675,0,0,13,펌프제조
80,(주)진플렉스,"부산광역시 영도구 해양로111번길 33, A-3동(청학동)",부산광역시 영도구 청학동 1-174 A-3동,선박 구성 부분품 제조업 외 2 종,051-972-5167,051-972-5169,,,4,"선방구성품제조업, COMPOSITE HOSE, 선박 구성 금속 가공제품"
81,(주)창완냉동,부산광역시 영도구 해양로79번길 22 (청학동),부산광역시 영도구 청학동 217-159번지,선박 구성 부분품 제조업,051-417-7100,051-417-8100,,,5,선박냉동수리
82,(주)창하이엔지,부산광역시 영도구 해양로188번길 16(청학동),부산광역시 영도구 청학동 1-190,선박 구성 부분품 제조업,,0504-204-0471,,,4,"선박수리(준설배,상선)"
83,(주)청운컴퍼니,부산광역시 영도구 대교로46번길 29-6 (봉래동1가),부산광역시 영도구 봉래동1가 202-3번지,선박 구성 부분품 제조업,051-412-2977,051-416-5014,,,4,선박용 가구
84,(주)케이에스브이,부산광역시 영도구 남항서로104번길 6 (남항동2가),부산광역시 영도구 남항동2가 29-1번지,"탭, 밸브 및 유사장치 제조업",051-415-4466,051-415-4469,4,,26,선박용 밸브
85,(주)케이티마린,부산광역시 영도구 해양로111번길 33(청학동),부산광역시 영도구 청학동 1-174,선박 구성 부분품 제조업,051-441-0692,051-441-0695,,,40,선박용부품(액체화물이송용호스)
86,(주)케이티아이 중앙동지점,부산광역시 영도구 해양로79번길 18 (청학동),부산광역시 영도구 청학동 217-155,선박 구성 부분품 제조업,051-293-1918,,,,18,"엔진, 파이프, 펌프 수리"
87,(주)케이티알,부산광역시 영도구 해양로176번길 5(청학동),부산광역시 영도구 청학동 1-208,선박 구성 부분품 제조업,,,,,4,선박수리
88,(주)코끼리와이어,부산광역시 영도구 청학동 217-138번지,부산광역시 영도구 청학동 217-138번지,철강선 제조업 외 1 종,051-412-7116,051-412-4141,,,10,와이어로프
89,(주)코마텍이엔지,부산광역시 영도구 남항서로92번길 42-6 (남항동2가),부산광역시 영도구 남항동2가 65-27번지,선박 구성 부분품 제조업,051-413-5911,052-260-9643,,,0,선박수리
90,(주)코카코,"부산광역시 영도구 해양로 256 (동삼동, (주)코카코) 외 1필지",부산광역시 영도구 동삼동 189-4번지 외 1필지,선박 구성 부분품 제조업,051-403-4114,051-403-6990,0,0,17,선박기계제작 및 수리
91,(주)킴스마린테크,"부산광역시 영도구 남항남로 6, (1층 일부) (남항동3가)",부산광역시 영도구 남항동3가 141-86번지 (1층 일부),선박 구성 부분품 제조업,051-413-2790,051-413-2791,0,0,3,선박기계부품 및 의장품
92,(주)태일비즈,"부산광역시 영도구 일산봉로37번길 20-3, 2층 (청학동)",부산광역시 영도구 청학동 84-83 2층,남자용 겉옷 제조업 외 8 종,051-206-2146,051-206-2147,,,11,"남녀정복, 이불커버, 천막, 셔츠, 체육복, 작업복, 우의, 목도리"
93,(주)태평양 해양산업,부산광역시 영도구 해양로117번길 32 (청학동),부산광역시 영도구 청학동  1-25번지,선박 구성 부분품 제조업,051-414-9300,051-413-0234,0,0,47,선박부품
94,(주)표주레미콘,"부산광역시 영도구 해양로 141(청학동, (주)표주레미콘)",부산광역시 영도구 청학동 1-17 (주)표주레미콘,레미콘 제조업,051-418-0057,051-418-2727,0,0,28,레미콘
95,(주)한국종합냉동,"부산광역시 영도구 해양로79번길 18, 2층 (청학동)",부산광역시 영도구 청학동 217-155 2층,선박 구성 부분품 제조업,051-262-9879,051-262-9879,2,3,16,선박부품 수리
96,(주)한국코스코,"부산광역시 영도구 태종로 535 (동삼동, (주)한국선박설비)",부산광역시 영도구 동삼제3동 187-1번지,기타 직물제품 제조업,051-405-6348,051-405-0804,0,0,27,"구명동의, 구난식수"
97,(주)한서마린엔지니어링,부산광역시 영도구 남항로16번길 22-5 (남항동2가),부산광역시 영도구 남항동2가 80-2번지,선박 구성 부분품 제조업,051-413-6275,051-413-6276,,,17,해상용 펌프
98,(주)한스쉽핑,"부산광역시 영도구 해양로117번길 2 (청학동, (주)한스쉽핑)",부산광역시 영도구 청학동 1-92번지,선박 구성 부분품 제조업,051-418-4712,051-417-7059,0,0,4,선박의장품
99,(주)한양이알,부산광역시 영도구 해양로65번길 26-12(청학동),부산광역시 영도구 청학동 217-88,선박 구성 부분품 제조업,051-256-2233,051-256-4141,2,0,4,"선박부품(선박수리, 전기판넬박스)"
100,(주)한영선박,"부산광역시 영도구 남항남로9번길 58, 1층(남항동2가, 국제선박주식회사)",부산광역시 영도구 남항동2가 91 국제선박주식회사 1층,선박 구성 부분품 제조업,051-414-3602,051-414-9391,,,1,선박부품
101,(주)한조,부산광역시 영도구 남항서로 20 (남항동3가) 외 1필지,부산광역시 영도구 남항동3가 141-127번지 외 1필지,기체 여과기 제조업 외 8 종,051-414-7201,051-413-0224,0,0,65,"여과기,냉각장치,신축이음관,고압파이프"
102,(주)해광조선,부산광역시 영도구 대평남로 65 (대평동2가) 외 1필지,부산광역시 영도구 대평동2가 1번지 외 1필지,강선 건조업 외 2 종,051-416-3965,051-412-0091,0,0,7,"선박수리,기관수리,강선건조"
103,(주)해금이엔지,부산광역시 영도구 봉래나루로 134 (봉래동1가),부산광역시 영도구 봉래동1가 205번지,선박 구성 부분품 제조업,051-414-8401,051-416-8490,,,6,선박부품
104,(주)해성마린토탈서비스,"부산광역시 영도구 해양로 33-26, 1,2층 (청학동) (청학동, 진성엔지니어링 공장)","부산광역시 영도구 청학동 330-139번지 진성엔지니어링 공장 1,2층 (청학동)",선박 구성 부분품 제조업,051-418-0315,,,,2,리듀샤
105,(주)해양무선,부산광역시 영도구 남항서로82번길 70 (남항동3가),부산광역시 영도구 남항동3가 105-17번지,기타 무선 통신장비 제조업,051-413-6113,051-413-1350,0,0,13,"무선통신기기, 방송장비"
106,(주)행한선박기계,부산광역시 영도구 남항서로82번길 23 (남항동2가),부산광역시 영도구 남항동2가 111-2번지,선박 구성 부분품 제조업,051-417-0203,051-415-3549,0,0,7,"실린더,라이너,기관부속"
107,(주)협성선박의장,부산광역시 영도구 절영로50번길 21 (남항동1가),부산광역시 영도구 남항동1가 35-5번지,목재문 및 관련제품 제조업,051-413-1221,051-415-1332,0,0,5,목재방열문
108,(주)협성터보,"부산광역시 영도구 남항남로 28 (남항동3가, 협성터빈)",부산광역시 영도구 남항동3가 141-79번지,선박 구성 부분품 제조업,051-418-7733,051-418-7735,0,0,4,터보차져
109,(주)혜인선박,부산광역시 영도구 대평남로51번길 8-5 (대평동2가),부산광역시 영도구 대평동2가 11번지,강선 건조업 외 2 종,051-417-4991,051-417-4990,,,8,"강선건조, 선박수리"
110,(주)화신냉동엔지니어링,"부산광역시 영도구 해양로23번길 16 (청학동, (주)금남)",부산광역시 영도구 청학동 330-110번지,산업용 냉장 및 냉동 장비 제조업,051-418-7545,051-418-7547,1,0,15,냉동장치기기
111,BR마린서비스,부산광역시 영도구 남항남로19번길 9 (남항동3가),부산광역시 영도구 남항동3가 29-116번지,선박 구성 부분품 제조업,051-418-7959,051-418-7958,,,1,선박구성부분품
112,CORAL MARINE SERVICE,부산광역시 영도구 대평남로 37 (대평동2가),부산광역시 영도구 대평동2가 24-45번지,선박 구성 부분품 제조업,051-418-8480,051-418-8481,,,1,선박구성품
113,DESCO,부산광역시 영도구 동삼동 964번지 외 1필지,부산광역시 영도구 동삼동 964번지 외 1필지,배전반 및 전기 자동제어반 제조업,051-405-6900,051-405-6903,0,0,11,배전반
114,JB마린 주식회사,부산광역시 영도구 해양로87번길 26 (청학동),부산광역시 영도구 청학동 217-109번지,내연기관 제조업 외 3 종,051-412-9314,051-412-9315,,,12,"선박구성부품,내연기관부품"
115,K&C Engineering,부산광역시 영도구 대평남로 70 (대평동2가),부산광역시 영도구 대평동2가 89-3번지,선박 구성 부분품 제조업,051-418-6725,051-418-6726,0,0,2,선박보일러 수리 및 부품제조
116,KBC엔지니어링,부산광역시 영도구 해양로117번길 19 (청학동),부산광역시 영도구 청학동 1-166번지,선박 구성 부분품 제조업,051-413-3916,051-413-3917,,,4,선박부품
117,SMS,"부산광역시 영도구 대평로34번길 15, 1층 일부 (대평동2가)",부산광역시 영도구 대평동2가 205-1번지 1층 일부,선박 구성 부분품 제조업,051-416-4904,051-412-6428,0,0,3,"선박기관부품, 수리"
118,YS선박,부산광역시 영도구 대평로27번길 27 (대평동1가),부산광역시 영도구 대평동1가 138-2,선박 구성 부분품 제조업 외 1 종,051-416-6004,051-416-6005,,,1,선박수리
119,가나기업 주식회사,"부산광역시 영도구 해양로23번길 16, 나동(청학동)",부산광역시 영도구 청학동 330-110 나동,선박 구성 부분품 제조업 외 1 종,051-413-8040,051-413-8041,,,3,와이어 가공
120,거용선박(주),부산광역시 영도구 해양로182번길 26 (청학동),부산광역시 영도구 청학동 1-214번지,선박 구성 부분품 제조업,051-416-6446,051-416-7447,,,12,선박부품
121,건진전기공업사,부산광역시 영도구 대평남로 66 (대평동2가),부산광역시 영도구 대평동2가 89-12번지,선박 구성 부분품 제조업,051-416-2571,051-416-2576,,,5,선박 배전반 및 모터등
122,경남기업,"부산광역시 영도구 남항서로 6-20, 2층 (남항동3가)",부산광역시 영도구 남항동3가 141-105번지 2층,선박 구성 부분품 제조업,051-416-0992,051-416-0976,0,0,1,선박목의장
123,경남스크루공업사,부산광역시 영도구 남항서로 130-1 (대교동1가),부산광역시 영도구 대교동1가 105-4,선박 구성 부분품 제조업,051-416-1761,051-416-1761,0,0,1,스큐류
124,경남조선(주),부산광역시 영도구 봉래나루로 285 (봉래동4가),부산광역시 영도구 봉래동4가 7번지,강선 건조업 외 1 종,051-416-9184,051-416-9188,0,0,16,"선박건조 및 수리, 선박 건조"
125,경동기업,"부산광역시 영도구 대평로42번길 3, 1층일부 (대평동2가)",부산광역시 영도구 대평동2가 157번지,컨베이어장치 제조업 외 1 종,051-418-4707,051-418-4708,0,0,1,컨베이어 조립제작
126,경동엔지니어링,부산광역시 영도구 해양로 24-12 (청학동),부산광역시 영도구 청학동 326-14번지,선박 구성 부분품 제조업,051-415-4075,051-415-4595,,,5,선박부품
127,경성공업사,부산광역시 영도구 남항서로70번길 59-3 (남항동3가),부산광역시 영도구 남항동3가 67-6,선박 구성 부분품 제조업,,051-403-2556,,,3,선박수리(배관 제관 철 외장)
128,경원기계,부산광역시 영도구 남항서로70번길 59-3 (남항동3가),부산광역시 영도구 남항동3가 67-6번지,선박 구성 부분품 제조업,051-418-2218,051-418-2238,,,3,"엔진부품 제작, 수리"
129,경일공업,부산광역시 영도구 해양로87번길 19 (청학동),부산광역시 영도구 청학동 217-101,선박 구성 부분품 제조업,051-412-1611,051-412-7152,,,5,배관부품
130,고토기술(주),"부산광역시 영도구 해양로 96, 1층(청학동, (주)포코엔지니어링)",부산광역시 영도구 청학동 5-1 (주)포코엔지니어링 1층,선박 구성 부분품 제조업,051-417-8501,051-417-8560,1,,9,"선박유압장비수리, Hydraulic power unit"
131,광명기업,부산광역시 영도구 남항서로 48 (남항동3가),부산광역시 영도구 남항동3가 141-170번지,선박 구성 부분품 제조업,051-418-1977,051-418-1967,,,1,선박부품
132,광명전기공업사,부산광역시 영도구 대평로34번길 5-7 (대평동2가),부산광역시 영도구 대평동2가 176번지,선박 구성 부분품 제조업,051-417-2561,051-417-2561,,,2,배전반 및 판넬
133,광진특수용접,"부산광역시 영도구 봉래나루로166번길 3 (봉래동2가, 신성보세창고장치장)",부산광역시 영도구 봉래동2가 145-8번지 신성보세창고장치장,선박 구성 부분품 제조업 외 1 종,051-416-5952,051-416-5982,,,3,실린더 라이너
134,국제선박엔지니어링,부산광역시 영도구 해양로188번길 14 (청학동),부산광역시 영도구 청학동 1-191번지,선박 구성 부분품 제조업,051-418-8641,051-418-8643,,,5,선박부품
135,국제자이로사,"부산광역시 영도구 절영로 74, 2층 (남항동2가)",부산광역시 영도구 남항동2가 65-25번지 2층,"레이더, 항행용 무선기기 및 측량기구 제조업",051-418-8195,051-418-8196,,,2,항해기계부품(자이로)
136,국제전기,"부산광역시 영도구 대평로 10-3 (대평동1가, 세진ENG)",부산광역시 영도구 대평동1가 48-2번지,선박 구성 부분품 제조업,051-413-9315,051-418-3324,,,1,"변압기, 배전반"
137,그린월드엔지니어링(주),"부산광역시 영도구 남항서로 59 (남항동3가, (주)범우엔지니어링)",부산광역시 영도구 남항동3가 24번지,선박 구성 부분품 제조업 외 10 종,051-414-7131,051-412-0267,0,0,9,선박수리 및 기부속 제작
138,극동선박공업(주),부산광역시 영도구 남항서로 46 (남항동3가),부산광역시 영도구 남항동3가 141-34번지,선박 구성 부분품 제조업,051-418-0453,051-413-4464,,,13,선박수리
139,극동선박공업사,부산광역시 영도구 남항서로 46 (남항동3가),부산광역시 영도구 남항동3가 141-34번지,선박 구성 부분품 제조업,051-415-1186,051-413-4464,0,0,12,선박부품
140,극동엔지니어링,부산광역시 영도구 남항남로9번길 64 (남항동2가),부산광역시 영도구 남항동2가 89-1,선박 구성 부분품 제조업,051-416-4054,051-413-5805,,,3,선박수리
141,글로벌마린서비스,부산광역시 영도구 남항남로19번길 10(남항동3가),부산광역시 영도구 남항동3가 74-1,선박 구성 부분품 제조업,,,3,,5,"선박수리(파이프,엔진부속품)"
142,금강조선 (주),부산광역시 영도구 남항서로 63 (남항동3가) 외 11필지,부산광역시 영도구 남항동3가 13-1번지 외 11필지,강선 건조업 외 2 종,051-415-3800,051-415-1637,0,0,11,선박수리
143,금남기업,"부산광역시 영도구 해양로23번길 16, 2층 금남기업(청학동)",부산광역시 영도구 청학동 330-110 2층 금남기업,목재문 및 관련제품 제조업 외 1 종,051-413-8003,051-413-8005,,,8,선박 목의장 수리
144,금보엔지니어링,"부산광역시 영도구 대평로28번길 12, (1층일부) (대평동1가) (총 2 필지) 외 1필지",부산광역시 영도구 대평동1가 23-3번지 (1층일부) 외 1필지,기타 물품 취급장비 제조업,051-416-1008,,0,0,1,윈치(선박용)
145,금양엔지니어링,부산광역시 영도구 대평동1가 100번지,부산광역시 영도구 대평동1가 100번지,내연기관 제조업,051-416-9097,051-414-7501,0,0,16,선박기관부품제조
146,금영이엔지,부산광역시 영도구 남항서로104번길 7-1 (남항동2가),부산광역시 영도구 남항동2가 35-7,선박 구성 부분품 제조업,,051-412-0132,,,2,선박구성품 제조
147,금용전기,부산광역시 영도구 대평동1가 41번지,부산광역시 영도구 대평동1가 41번지,배전반 및 전기 자동제어반 제조업,051-415-1682,051-415-1683,0,0,3,선박전기수리
148,금진공업사,"부산광역시 영도구 남항남로9번길 52(남항동2가, STM엔지니어링)",부산광역시 영도구 남항동2가 93-1 STM엔지니어링,선박 구성 부분품 제조업,051-413-9083,051-417-8766,,,1,선박 구성 부분품
149,금호냉동(주),부산광역시 영도구 남항남로19번길 51 (남항동2가),부산광역시 영도구 남항동2가 133-4번지,선박 구성 부분품 제조업,051-413-1036,051-415-4477,0,0,7,냉동기기 제작 외
150,금호테크,"부산광역시 영도구 남항남로 18 (남항동3가, 세보상공(주))",부산광역시 영도구 남항동3가 141-30번지,선박 구성 부분품 제조업 외 1 종,051-416-4626,,0,0,5,선박내연기관부품
151,금화전기,부산광역시 영도구 대평남로 68-1 (대평동2가),부산광역시 영도구 대평동2가 89-6번지,배전반 및 전기 자동제어반 제조업,051-418-4365,051-418-4362,0,0,3,배전반 및 선박부품
152,기가산업,부산광역시 영도구 남항서로70번길 59-3 (남항동3가),부산광역시 영도구 남항동3가 67-6,선박 구성 부분품 제조업,051-415-6685,051-415-6683,,,5,선박수리품
153,기보마린 주식회사,부산광역시 영도구 해양로87번길 26 (청학동),부산광역시 영도구 청학동 217-109,내연기관 제조업 외 2 종,,0502-494-2619,,,6,선박수리
154,남강산업사,부산광역시 영도구 일산봉로 38 (청학동),부산광역시 영도구 청학동  79-10번지,어망 및 기타 끈 가공품 제조업,051-415-5078,051-416-5177,0,0,8,"어망, 로프, 양식자재"
155,남도냉열,부산광역시 영도구 대평로34번길 3 (대평동2가),부산광역시 영도구 대평동2가 174-1번지,선박 구성 부분품 제조업,051-418-4266,051-418-4268,,,2,선박냉동기 제작 및 수리
156,남부유압기계,부산광역시 영도구 남항서로70번길 6 (남항동3가),부산광역시 영도구 남항동3가 21-2번지,선박 구성 부분품 제조업,051-415-6336,051-416-0979,,,6,유압기기(선박용)
157,남일환경산업,부산광역시 영도구 해양로 155 (청학동),부산광역시 영도구 청학동 1-54,그 외 기타 분류 안된 비금속 광물제품 제조업,051-403-6677,051-403-6151,,,23,골재 생산
158,남항선박공업사,부산광역시 영도구 남항서로82번길 24 (남항동3가),부산광역시 영도구 남항동3가 32-32번지,선박 구성 부분품 제조업,051-415-2611,051-412-2611,0,0,1,선박기관 수리
159,남현산업,"부산광역시 영도구 산업로 11 (청학동, 남현산업 공장)",부산광역시 영도구 청학동 5-15번지 남현산업 공장,고무패킹류 제조업,051-418-0264,051-418-0265,,,14,고무제품
160,내외기계공업(주),"부산광역시 영도구 남항서로82번길 23 (남항동2가, 경기해상서비스)",부산광역시 영도구 남항동2가 111-2번지,액체 펌프 제조업 외 1 종,051-804-2667,051-806-4780,,,6,펌프(송풍기)
161,네오테크,"부산광역시 영도구 남항서로 32, 1층 (남항동3가)",부산광역시 영도구 남항동3가 141-70 1층,기타 일반 기계 및 장비 수리업 외 1 종,051-417-8298,051-417-8290,1,,6,선박 부품 및 수리
162,넥스트마린,"부산광역시 영도구 대평북로 43, (건축물일부) (대평동2가)",부산광역시 영도구 대평동2가 196번지,액체 여과기 제조업,051-415-2557,051-415-2559,0,0,2,연료절감기 조립생산
163,노바테크,부산광역시 영도구 절영로94번길 42 (남항동3가),부산광역시 영도구 남항동3가 133-2번지,선박 구성 부분품 제조업,051-413-0907,051-417-0907,,,2,선박용 전기판넬등
164,누리엔지니어링,부산광역시 영도구 대평로41번길 6 (대평동2가),부산광역시 영도구 대평동2가 52번지,선박 구성 부분품 제조업,051-418-7973,051-418-7970,,,2,선박부품
165,다니엘테크,"부산광역시 영도구 해양로195번길 68(동삼동, 씨티에스)",부산광역시 영도구 동삼동 201-40 씨티에스,선박 구성 부분품 제조업,051-403-8355,051-403-8356,,,2,"선박수리, 선박부품"
166,다림기계,부산광역시 영도구 남항남로19번길 6 (남항동3가),부산광역시 영도구 남항동3가 74-2번지,절삭가공 및 유사처리업,051-819-9374,051-803-9374,,,1,기계부품
167,다우테크,부산광역시 영도구 해양로195번가길 14 (동삼동),부산광역시 영도구 동삼동 201-60번지,기타 일반 기계 및 장비 수리업,051-418-8767,051-418-8769,,,7,선박엔진수리(연료분사장치 등)
168,다원마린테크,"부산광역시 영도구 해양로65번길 26-17, A동 (청학동)",부산광역시 영도구 청학동 217-160 A동,선박 구성 부분품 제조업,051-710-0113,0504-255-0514,,,1,선박수리
169,대광공업,부산광역시 영도구 절영로94번길 6 (남항동3가),부산광역시 영도구 남항동3가 113-5번지,선박 구성 부분품 제조업,051-412-5200,051-412-5203,0,0,7,선박수리
170,대광선박공업사,부산광역시 영도구 해양로57번길 22 (청학동),부산광역시 영도구 청학동 217-76,선박 구성 부분품 제조업,051-416-6808,051-412-3193,,,1,선박안전밸브
171,대도물산(주),"부산광역시 영도구 절영로 72, 3층 (남항동2가) 외 1필지",부산광역시 영도구 남항동2가 65-23번지 3층 외 1필지,"근무복, 작업복 및 유사의복 제조업 외 2 종",051-413-7997,051-413-9724,0,0,2,"의류(셔츠,작업복등)"
172,대동금속공업사,부산광역시 영도구 남항서로 34 (남항동3가),부산광역시 영도구 남항동3가 141-74번지,선박 구성 부분품 제조업 외 4 종,051-417-2211,051-417-2213,0,0,19,"베어링, 기어, 철도차량부품"
173,대동메탈공업(주),부산광역시 영도구 남항남로 40 (남항동3가),부산광역시 영도구 남항동3가 141-125번지,구름베어링 제조업 외 7 종,051-412-2291,051-415-3845,2,0,32,베어링
174,대동철공소,부산광역시 영도구 남항동2가 28번지,부산광역시 영도구 남항동2가 28번지,기타 가공 공작기계 제조업,051-413-7001,051-412-7001,0,0,8,냉매용밸브
175,대륙공업사,"부산광역시 영도구 대평로 61, 3층 (대평동2가)",부산광역시 영도구 대평동2가 89-4 3층,선박 구성 부분품 제조업,051-413-8840,051-413-4848,0,0,5,선박코팅제
176,대림기업,부산광역시 영도구 절영로94번길 42 (남항동3가),부산광역시 영도구 남항동3가 133-2번지,선박 구성 부분품 제조업,051-418-4883,051-418-4885,,,2,선박목공의장
177,대림엔지니어링,부산광역시 영도구 대평로46번길 17 (대평동2가),부산광역시 영도구 대평동2가 198-1번지,선박 구성 부분품 제조업,051-413-8132,,,,0,선박구성 부분품
178,대림엔지니어링(주),부산광역시 영도구 해양로23번길 22 (청학동),부산광역시 영도구 청학동  330-109번지,선박 구성 부분품 제조업 외 1 종,051-417-5111,051-412-5638,0,0,15,"aux.boiler, economizer 클리닝 및 부품교체, 증기보일러 부품 생산"
179,대림연사,"부산광역시 영도구 와치로 91, 1층 (청학동)",부산광역시 영도구 청학동 486-2번지 1층,연사 및 가공사 제조업,051-417-2101,051-417-1510,0,0,12,"연사,합사"
180,대명공업(주),부산광역시 영도구 대평로46번길 11-8 (대평동2가),부산광역시 영도구 대평동2가 195-1번지,기타 선박 건조업,051-415-3704,051-418-9279,0,0,9,선박건조 및 수리
181,대선조선(주)(1공장),부산광역시 영도구 봉래나루로 254 (봉래동4가),부산광역시 영도구 봉래동4가 13-1,강선 건조업 외 1 종,051-419-5000,051-419-5170,0,0,304,강선(선박)건조
182,대성ENG,부산광역시 영도구 남항서로92번길 43 (남항동2가),부산광역시 영도구 남항동2가 66-1번지,선박 구성 부분품 제조업 외 3 종,051-417-9075,051-417-4707,,,2,선박부품
183,대성산업,부산광역시 영도구 해양로87번길 9 (청학동),부산광역시 영도구 청학동 217-106번지,그 외 기타 전기장비 제조업,051-412-3973,051-412-3974,,,3,엔오드 부품
184,대성선박의장공업사,부산광역시 영도구 해양로111번길 28 (청학동),부산광역시 영도구 청학동 1-160번지,선박 구성 부분품 제조업,051-415-6464,,,,3,"선박가구,기타"
185,대성콤푸렛샤,"부산광역시 영도구 남항남로19번길 42, 1층 (남항동3가)",부산광역시 영도구 남항동3가 34-3번지 1층,기체 펌프 및 압축기 제조업,051-412-7044,051-412-7048,,0,3,공기압축기(콤푸렛샤)
186,대양냉동엔지니어링,부산광역시 영도구 대평남로31번길 3 (대평동1가),부산광역시 영도구 대평동1가 129-12번지,산업용 냉장 및 냉동 장비 제조업,051-412-4008,051-413-4440,0,0,0,"냉동기수리, 제조"
187,대양잠수,부산광역시 영도구 한사랑길 94 (영선동1가),부산광역시 영도구 영선동1가 120-1번지,고무 의류 및 기타 위생용 비경화 고무제품 제조업,051-417-3992,051-412-4777,0,0,2,잠수복
188,대운선박써비스,부산광역시 영도구 남항서로 78-1 (남항동3가),부산광역시 영도구 남항동3가 1-37번지,선박 구성 부분품 제조업,051-415-3155,,0,0,2,"피스톤, 선박부품"
189,대운선박써비스,부산광역시 영도구 대평로28번길 13-4 (대평동1가),부산광역시 영도구 대평동1가 20-1번지,선박 구성 부분품 제조업,051-415-3155,051-415-3496,0,0,4,"기부속,피스톤,라이나"
190,대운엔텍,부산광역시 영도구 해양로 24-11 (청학동),부산광역시 영도구 청학동 322-12,선박 구성 부분품 제조업,051-414-1310,051-414-1311,,,3,"선박부품수리(컨베이어, 롤러, 테이블)"
191,대웅선박,부산광역시 영도구 남항서로 71 (남항동3가),부산광역시 영도구 남항동3가 2-2번지,강선 건조업 외 1 종,051-417-0702,051-417-0702,0,0,6,강선건조 및 수리
192,대원기업사,"부산광역시 영도구 남항남로9번길 15, (일부) (남항동3가)",부산광역시 영도구 남항동3가 21-1번지,선박 구성 부분품 제조업,051-412-7708,051-415-2386,0,0,3,선박부품 제조
193,대원엔지니어링,"부산광역시 영도구 남항서로 6-20 (남항동3가, 경남선박공장)",부산광역시 영도구 남항동3가 141-195번지 경남선박공장,선박 구성 부분품 제조업,051-416-2483,051-412-2484,,,1,선박부품 및 수리
194,대원종합발전기,부산광역시 영도구 해양로 28 (청학동),부산광역시 영도구 청학동 322-4번지,전동기 및 발전기 제조업,051-413-6777,,,,4,발전기
195,대진산업,부산광역시 영도구 남항남로 19 (남항동3가),부산광역시 영도구 남항동3가 29-109번지,선박 구성 부분품 제조업,051-416-5544,051-416-5590,,,1,"선박의장품제작,수리"
196,대평조기 엔지니어링,부산광역시 영도구 남항서로92번길 23 (남항동2가) 외 4필지,부산광역시 영도구 남항동2가 85-2번지 외 4필지,선박 구성 부분품 제조업,051-418-0505,051-413-3363,,,8,"실린더라이너, 실린더 헤드"
197,대한ENG,부산광역시 영도구 대평로 57 (대평동2가),부산광역시 영도구 대평동2가 89-13,선박 구성 부분품 제조업,051-465-6003,051-416-0527,,,2,"선박의장품, 배관 수리"
198,대해보일러엔지니어링,부산광역시 영도구 남항서로92번길 41 (남항동2가),부산광역시 영도구 남항동2가 66-6,선박 구성 부분품 제조업,051-413-8481,051-413-8480,,,4,선박보일러
199,대현티엠에스,부산광역시 영도구 대평남로 68-1 (대평동2가),부산광역시 영도구 대평동2가 89-6번지,기타 일반 기계 및 장비 수리업 외 1 종,051-403-4755,051-403-4751,,,1,"금속재 생산 및 수리, 선박부품 수리"
200,대화엔지니어링,"부산광역시 영도구 남항남로9번길 56 (남항동2가, 국제선박(주)/대화엔지니어링)",부산광역시 영도구 남항동2가 92번지 국제선박(주)/대화엔지니어링,선박 구성 부분품 제조업,051-254-4209,051-254-4211,0,0,4,선박수리
201,대환금속,부산광역시 영도구 절영로19번길 60 (영선동1가),부산광역시 영도구 영선동1가 21-6번지,선박 구성 부분품 제조업,051-412-8349,051-417-5414,0,0,5,선용밸브
202,덕원엔지니어링,"부산광역시 영도구 해양로111번길 32, 1층(청학동)",부산광역시 영도구 청학동 1-37 1층,선박 구성 부분품 제조업 외 1 종,051-412-9993,051-412-9994,,,2,"선박엔진부품, 수상부유구조물"
203,덕원엠테크,부산광역시 영도구 대평로46번길 3 (대평동2가),부산광역시 영도구 대평동2가 147-1번지,선박 구성 부분품 제조업,,,,,2,선박엔진수리
204,덕원이엔지(ENG),"부산광역시 영도구 해양로117번길 2, 1층(청학동, (주)한스쉽핑)",부산광역시 영도구 청학동 1-92 (주)한스쉽핑 1층,선박 구성 부분품 제조업,051-415-1636,051-644-2211,,,5,선박수리
205,데크윈해양,부산광역시 영도구 해양로195번길 32 (동삼동),부산광역시 영도구 동삼동 201-25번지,선박 구성 부분품 제조업,051-405-7890,051-405-7880,,,3,선박유압기기
206,도원전기,"부산광역시 영도구 대평로27번길 12, 1층(대평동1가)",부산광역시 영도구 대평동1가 110-14 1층,선박 구성 부분품 제조업 외 1 종,051-418-7900,051-418-7901,,,2,"선박수리(전기모터, 배전반) 등"
207,동경ENG,부산광역시 영도구 해양로182번길 13 (청학동),부산광역시 영도구 청학동 1-184번지,선박 구성 부분품 제조업,051-416-8957,051-416-8967,,,1,선박부품
208,동균알앤티,부산광역시 영도구 대평로6번길 10-4 (남항동1가),부산광역시 영도구 남항동1가 28-2번지,"증류기, 열교환기 및 가스발생기 제조업",051-415-3037,051-415-5105,0,0,3,열교환기(선박냉동기용)
209,동남듸젤,부산광역시 영도구 태종로65번길 12 (대교동1가),부산광역시 영도구 대교동1가 179-7번지,선박 구성 부분품 제조업,051-415-1189,051-415-3412,0,0,3,일반목적용 내연기관 제조
210,동명기술(주),부산광역시 영도구 대평북로 31 (대평동1가),부산광역시 영도구 대평동1가 15-2번지,강선 건조업 외 2 종,051-413-9401,051-413-3046,0,0,34,"선박수리(기관부품등), 선박수리(기관부품등), 선박수리(기관부품등)"
211,동명마린써비스,"부산광역시 영도구 남항서로82번길 64, 1층 (남항동3가)",부산광역시 영도구 남항동3가 105-5 1층,선박 구성 부분품 제조업,051-416-0487,051-416-0492,1,,1,선박수리
212,동부유압기계,부산광역시 영도구 봉래나루로 172 (봉래동2가),부산광역시 영도구 봉래동2가 145-10번지,선박 구성 부분품 제조업,051-417-8009,051-412-8003,,,3,선박 어로장비기계
213,동서공업사,"부산광역시 영도구 해양로195번길 62 (동삼동, 대경금속)",부산광역시 영도구 동삼동 201-38번지,선박 구성 부분품 제조업,051-405-8713,051-405-8714,0,0,8,선박기계부품
214,동서산업,부산광역시 영도구 산업로 15 (청학동),부산광역시 영도구 청학동 5-20번지,선박 구성 부분품 제조업,051-418-6662,051-418-4202,,,7,선박구성부분품
215,동서전기,부산광역시 영도구 대평남로 21 (대평동1가),부산광역시 영도구 대평동1가 125-3번지,배전반 및 전기 자동제어반 제조업,051-416-3013,051-413-3013,,,1,배전반
216,동성계기,부산광역시 영도구 남항서로82번길 73 (남항동2가),부산광역시 영도구 남항동2가 197번지,"물질 검사, 측정 및 분석기구 제조업",051-417-4144,051-416-8571,0,0,5,온도계
217,동성전기공업사,부산광역시 영도구 남항서로 6-22 (남항동3가),부산광역시 영도구 남항동3가  141-104번지,선박 구성 부분품 제조업,051-414-8797,051-414-8755,,,6,선박전기수리등
218,동성정밀,부산광역시 영도구 해양로 28-1 (청학동),부산광역시 영도구 청학동 322-5번지,절삭가공 및 유사처리업,051-412-1918,051-413-1918,,,3,"실린더 헤드, 밸브"
219,동성토탈마린,부산광역시 영도구 해양로 21 (청학동),부산광역시 영도구 청학동 330-102번지,선박 구성 부분품 제조업,051-416-4978,051-415-5825,,,7,"선박의장(신조,발판등)"
220,동양듸젤기공사,부산광역시 영도구 대평로 59-2 (대평동2가),부산광역시 영도구 대평동2가 89-5번지,선박 구성 부분품 제조업,051-415-4747,051-416-6144,,,1,"선박수리, 축계베어링"
221,동양전자통신,"부산광역시 영도구 대평로20번길 24, 삼화빌딩 3층, 4층 (대평동1가)","부산광역시 영도구 대평동1가 5번지 삼화빌딩 3층, 4층",기타 무선 통신장비 제조업,051-412-0403,051-412-4770,0,0,12,선박용 안테나 및 정류기 제조
222,동양커민스,부산광역시 영도구 해양로 86-8 (청학동),부산광역시 영도구 청학동 10-1번지,선박 구성 부분품 제조업,051-412-2046,,0,0,1,선박 및 기관 수리
223,동영선박공업사,부산광역시 영도구 남항서로 12-9 (남항동3가),부산광역시 영도구 남항동3가 141-122번지,선박 구성 부분품 제조업,051-412-1277,051-413-1280,,,1,선박구성품
224,동영엔지니어링,부산광역시 영도구 해양로 46 (청학동) 외 2필지,부산광역시 영도구 청학동 304-3번지 외 2필지,선박 구성 부분품 제조업,,051-416-7032,,,1,선박부품
225,동우기업사,"부산광역시 영도구 산업로 21 (청학동, 동우기업사)",부산광역시 영도구 청학동 3-12번지,선박 구성 부분품 제조업,051-413-9991,051-413-2777,0,0,6,"선박용 밸브,선박기자재"
226,동원테크,부산광역시 영도구 남항남로19번길 37 (남항동3가),부산광역시 영도구 남항동3가 32-23번지,"레이더, 항행용 무선기기 및 측량기구 제조업",051-417-2057,051-414-8319,0,0,2,항해장비
227,동화마린테크,부산광역시 영도구 해양로 24-9 (청학동),부산광역시 영도구 청학동 322-8번지,선박 구성 부분품 제조업 외 1 종,051-412-0080,051-412-1560,,,3,수밀물외
228,드림오션주식회사,부산광역시 영도구 해양로 24-16 (청학동),부산광역시 영도구 청학동 326-15번지,선박 구성 부분품 제조업,051-412-4054,051-412-4056,0,0,6,선박연료밸브
229,디에스비엔지니어링 주식회사,"부산광역시 영도구 산업로 27 (청학동, 구명정제)",부산광역시 영도구 청학동 2번지,합성수지선 건조업,051-412-5937,051-412-9139,0,0,6,"구명정 시험장 및 수리, 기타 선박부품 제조"
230,디엘일렉트릭,부산광역시 영도구 해양로195번가길 16 (동삼동),부산광역시 영도구 동삼동 201-61,전기.전자 및 정밀기기 수리업,051-463-7040,051-463-7042,,,7,전기판넬
231,디엠티,부산광역시 영도구 해양로195번나길 44 (동삼동),부산광역시 영도구 동삼동 201-94,선박 구성 부분품 제조업 외 1 종,051-261-7933,051-261-7932,,,5,"선박부품(엔진,추진기)"
232,디와이이엔지,"부산광역시 영도구 해양로 22, 1동 1층(청학동)",부산광역시 영도구 청학동 326-6 1동 1층,선박 구성 부분품 제조업 외 3 종,051-414-0718,051-414-0719,,,2,"산업기계부품 제작, 선박엔진부품 제작, 선박수리"
233,럭키테이프,부산광역시 영도구 청학동 91번지,부산광역시 영도구 청학동 91번지,그 외 기타 플라스틱 제품 제조업,051-416-5811,051-412-3367,0,0,11,산업용 보호용 테이프
234,레날티엠티 주식회사,"부산광역시 영도구 남항서로82번길 29-11(남항동2가, 레날티엠티주식회사)",부산광역시 영도구 남항동2가 111-1 레날티엠티주식회사,선박 구성 부분품 제조업,051-466-8984,051-466-8985,14,1,19,선박수리
235,레더팔레트,"부산광역시 영도구 남항로9번길 55, 4층(대교동1가, 나나빌딩)",부산광역시 영도구 대교동1가 150-2 나나빌딩 4층,핸드백 및 지갑 제조업 외 1 종,051-418-9391,,,,0,"가방, 지갑 및 기타가죽제품"
236,리얼테크,부산광역시 영도구 남항남로19번길 9 (남항동3가),부산광역시 영도구 남항동3가 29-116번지,선박 구성 부분품 제조업,051-989-1230,051-989-1231,,,2,"선박수리, 선박부품"
237,마린콘트롤,"부산광역시 영도구 남항남로 23-2, 재경BD, 2F (남항동3가, 재경전자)","부산광역시 영도구 남항동3가 73-26번지 재경전자 재경BD, 2F",배전반 및 전기 자동제어반 제조업,051-809-4494,051-809-4495,,,4,"배전반, 전기자동제어반"
238,마스터 다이버스 코리아,부산광역시 영도구 중리북로 32(동삼동),부산광역시 영도구 동삼동 543-4,그 외 기타 금속가공업,,0504-077-1757,,,0,"철강판 용접가공, 코퍼댐"
239,마스텍중공업주식회사,부산광역시 영도구 대평남로 35 (대평동1가),부산광역시 영도구 대평동1가 160-1번지,강선 건조업 외 1 종,051-604-4300,051-441-2729,0,0,60,강선건조 및 수리업
240,만수엔지니어링,부산광역시 영도구 대평로 57 (대평동2가),부산광역시 영도구 대평동2가 89-13번지,선박 구성 부분품 제조업,051-413-5535,051-416-3804,0,0,2,선박구성부분품
241,명신전기,"부산광역시 영도구 대평로19번길 7, 1층 (대평동1가)",부산광역시 영도구 대평동1가 95-2 1층,배전반 및 전기 자동제어반 제조업,051-413-2334,051-416-2215,,,1,"선박수리, 전기판넬제조"
242,명인하이테크,부산광역시 영도구 남항남로 16 (남항동3가),부산광역시 영도구 남항동3가 141-35,선박 구성 부분품 제조업,051-414-5333,051-414-5332,,,2,선박부품 제작수리(엔진)
243,명천전기,부산광역시 영도구 남항로10번길 16 (남항동2가),부산광역시 영도구 남항동2가 33-1번지,배전반 및 전기 자동제어반 제조업,051-418-7240,,,,2,전기배전함 및 컨트롤 판넬 제작
244,모모스커피(주),부산광역시 영도구 봉래나루로 160(봉래동2가) 외 2필지,부산광역시 영도구 봉래동2가 131 외 2필지,커피 가공업,051-512-0700,051-512-7035,0,0,19,커피원두
245,미래플랜트,"부산광역시 영도구 해양로195번길 82, 1동(동삼동)",부산광역시 영도구 동삼동 201-80 1동,육상 금속 골조 구조재 제조업,051-415-3204,051-415-1404,,,3,H-빔 제작 및 조립
246,미성전기,부산광역시 영도구 해양로195번가길 12 (동삼동),부산광역시 영도구 동삼동 201-55번지,전기.전자 및 정밀기기 수리업,051-417-3007,051-4174-3008,,,2,"전기,전자 제품 수리"
247,미창석유공업(주),"부산광역시 영도구 해양로 241 (동삼동, 미창석유)",부산광역시 영도구 동삼동 201번지,윤활유 및 그리스 제조업,051-403-6441,051-403-6440,0,0,82,"윤활유,전기절연유,고무배합유"
248,밀성기전,"부산광역시 영도구 남항서로82번길 50, 밀성기전 (남항동3가)",부산광역시 영도구 남항동3가 62-12 밀성기전,선박 구성 부분품 제조업,051-415-1206,051-413-5846,,,2,"선박 선체 조립부분품, 선박수리부품"
249,밀성엠텍(주),"부산광역시 영도구 남항서로82번길 26,  (건축물일부) (남항동3가)",부산광역시 영도구 남항동3가  32-3번지,선박 구성 부분품 제조업,051-412-1789,051-412-3211,0,0,8,선박목의장품(가구)
250,바우기업,부산광역시 영도구 대평남로 28 (대평동1가),부산광역시 영도구 대평동1가 113-7번지,선박 구성 부분품 제조업,,051-413-7414,,,1,선박수리(보일러)
251,반도공업사,부산광역시 영도구 대평로19번길 18 (대평동1가),부산광역시 영도구 대평동1가 123번지,선박 구성 부분품 제조업,051-417-9666,051-417-9668,,,6,엔진세척등
252,방주테크유압,부산광역시 영도구 남항남로19번길 2 (남항동3가),부산광역시 영도구 남항동3가 74번지,선박 구성 부분품 제조업,051-413-7599,051-413-7598,,,2,기관등
253,배진선박,부산광역시 영도구 대평남로31번길 1 (대평동1가),부산광역시 영도구 대평동1가 129-1번지,선박 구성 부분품 제조업,051-417-7367,,0,0,1,선박수리
254,백광,부산광역시 영도구 해양로 248 (동삼동),부산광역시 영도구 동삼동 190,선박 구성 부분품 제조업,,0504-403-9649,0,0,8,선박 구성 부분품(기자재)
255,범양기업,부산광역시 영도구 대평로33번길 5 (대평동1가),부산광역시 영도구 대평동1가 104-12번지,선박 구성 부분품 제조업,051-416-6623,051-416-6681,0,0,2,선박내장(목의장)
256,보경기업,부산광역시 영도구 남항남로 27-2 (남항동3가),부산광역시 영도구 남항동3가 141-7번지,선박 구성 부분품 제조업,,,,,0,선박물품제조
257,보배마린,"부산광역시 영도구 대평로6번길 40, (건물일부) (대교동1가)",부산광역시 영도구 대교동1가 102번지 (건물일부),선박 구성 부분품 제조업,051-416-4448,,0,0,1,어로장비
258,부경엔지니어링,"부산광역시 영도구 남항남로19번길 19, (건축물일부) (남항동3가)",부산광역시 영도구 남항동3가 29-182번지 (건축물일부),내연기관 제조업,051-417-7242,051-413-7818,0,0,2,"피스톤, 라이너 등, 선박수리"
259,부경전기공업사,부산광역시 영도구 봉래나루로 178 (봉래동2가),부산광역시 영도구 봉래동2가 145-1번지,선박 구성 부분품 제조업,051-415-6369,051-415-6367,,,6,선박구성부분품제조업
260,부경테크,부산광역시 영도구 대평로27번길 22 (대평동1가),부산광역시 영도구 대평동1가 129-6번지,선박 구성 부분품 제조업,051-417-2230,,,,3,선박기관부속및 조속기 부속
261,부광엔지니어링,부산광역시 영도구 남항서로70번길 63 (남항동3가),부산광역시 영도구 남항동3가 96-4번지,선박 구성 부분품 제조업,051-415-1117,051-415-1117,,,3,선박 구성부분품
262,부산노즐,부산광역시 영도구 대평로34번길 9-11 (대평동2가),부산광역시 영도구 대평동2가 186번지,선박 구성 부분품 제조업,051-418-3795,051-413-6733,0,0,3,선박기관부품
263,부산방열 주식회사,부산광역시 영도구 태종로83번길 39(봉래동1가),부산광역시 영도구 봉래동1가 118,선박 구성 부분품 제조업,051-413-2190,051-413-2192,,,14,"선박 우레탄, 함석, 보온 제작"
264,부산유니텍,"부산광역시 영도구 해양로117번길 12, 외 1필지(청학동 1-133)(청학동, 부산유니텍)",부산광역시 영도구 청학동 1-91 부산유니텍 외 1필지(청학동 1-133),내연기관 제조업 외 5 종,051-412-1729,051-413-7105,0,0,11,선박내연기관부품(피스톤)외4종
265,부산조선주식회사,부산광역시 영도구 해양로15번길 1 (청학동),부산광역시 영도구 청학동 330-100,기타 선박 건조업 외 2 종,051-417-1717,051-417-2727,3,,33,"선박수리, 선박건조, 선박건조"
266,부산특수용접,부산광역시 영도구 남항동1가 38번지,부산광역시 영도구 남항동1가 38번지,금속 열처리업,051-416-2690,051-414-7955,0,0,5,"선박기관용접,선박기관부품"
267,부산하이테크,"부산광역시 영도구 대평남로 36, 1층 (대평동2가)",부산광역시 영도구 대평동2가 28-3 1층,선박 구성 부분품 제조업,051-852-5390,051-851-0760,,,1,"선박수리, 펌프샤프트 및 기어류 가공"
268,부성선박 주식회사,부산광역시 영도구 남항서로 127-1 (대교동1가) 외 3필지,부산광역시 영도구 대교동1가 104-1번지 외 3필지,선박 구성 부분품 제조업 외 1 종,051-416-6604,051-412-6605,0,0,4,"윈치,윈드라스"
269,부연선박,부산광역시 영도구 해양로79번길 18 (청학동),부산광역시 영도구 청학동 217-155,선박 구성 부분품 제조업,051-413-6634,051-413-1503,3,,10,"열교환기, 선박수리"
270,부일공업사,부산광역시 영도구 봉래나루로 242 (봉래동3가),부산광역시 영도구 봉래동3가 166-1번지,그 외 기타 플라스틱 제품 제조업,051-416-1696,051-412-0810,0,0,1,옷걸이
271,부일금속,부산광역시 영도구 봉래나루로 242 (봉래동3가),부산광역시 영도구 봉래동3가 166-1번지,기타 비철금속 주조업,051-416-1696,051-412-0810,0,0,4,비철금속 주조업
272,부일토탈마린,부산광역시 영도구 대평남로31번길 21 (대평동1가),부산광역시 영도구 대평동1가 157-20,선박 구성 부분품 제조업 외 1 종,051-416-9797,051-413-9799,,,1,선박수리
273,부전전기,부산광역시 영도구 대평로34번길 9-34 (대평동2가),부산광역시 영도구 대평동2가 201-7번지,선박 구성 부분품 제조업,051-418-6679,051-418-6678,,,2,전기판넬
274,부흥롤마스커(주),부산광역시 영도구 해양로 190 (청학동),부산광역시 영도구 청학동 1-197번지,"적층, 합성 및 특수표면처리 종이 제조업",051-405-3950,051-405-5837,,,18,선박도장용 커버마스커테이프
275,블루마린(주),"부산광역시 영도구 대평로20번길 23 (대평동1가, 하나빌)",부산광역시 영도구 대평동1가 10-2 번지,선박 구성 부분품 제조업,051-441-2357,051-441-2358,,,4,기관부품(가공품)
276,비에프마린테크,부산광역시 영도구 해양로 33-17 (청학동),부산광역시 영도구 청학동 330-141번지,내연기관 제조업,051-416-0509,,,,2,piston crown
277,비에프엔지니어링,"부산광역시 영도구 해양로 135 (청학동, 오성어구사)",부산광역시 영도구 청학동 1-125번지,선박 구성 부분품 제조업,051-416-0509,051-416-6298,0,0,4,"실린더, 라이너, 피스톤"
278,비엠케이마린(주),부산광역시 영도구 해양로 221-2 (동삼동),부산광역시 영도구 동삼동 201-50번지,선박 구성 부분품 제조업,051-405-5959,051-405-5656,,,4,선박수리-철의장
279,삼경이엔지,부산광역시 영도구 해양로 221-3 (동삼동),부산광역시 영도구 동삼동 201-44번지,선박 구성 부분품 제조업,051-405-9661,051-405-9662,,,4,선박기계부품(호스 및 연결구등)
280,삼성냉동 주식회사,"부산광역시 영도구 남항남로 4 (남항동3가, 삼성냉동)",부산광역시 영도구 남항동3가 141-82번지,기타 가공 공작기계 제조업,051-412-2223,051-415-0696,0,0,7,선박 냉동기 제작 및 수리
281,삼성선박공업사,부산광역시 영도구 남항서로70번길 32 (남항동3가),부산광역시 영도구 남항동3가 29-180번지,선박 구성 부분품 제조업,051-415-2685,051-415-2620,0,0,4,기관부품
282,삼성터보엔지니어링,부산광역시 영도구 남항남로 12 (남항동3가),부산광역시 영도구 남항동3가 141-191번지,기타 기관 및 터빈 제조업 외 1 종,051-413-8822,051-413-5766,0,0,6,"해, 육상기관 터보챠저, 해, 육상기관 터보챠저"
283,삼성테크,부산광역시 영도구 해양로 33-48 (청학동),부산광역시 영도구 청학동 330-131번지,"증류기, 열교환기 및 가스발생기 제조업",051-417-0417,051-972-3852,,,3,"열교환기, 쿨러"
284,삼세산업(주),부산광역시 영도구 절영로 503-3 (동삼동) 외 6필지,부산광역시 영도구 동삼동 451-1번지 외 6필지,절연 코드세트 및 기타 도체 제조업 외 2 종,051-418-2996,051-418-2998,,,144,통신케이블
285,삼영이에스티,"부산광역시 영도구 해양로 128, B동 2층(청학동, 대성주유소)",부산광역시 영도구 청학동 1-74 대성주유소 B동 2층,방송장비 제조업 외 1 종,,,,,3,"선박용cctv, 선박용화재통합경보장치"
286,삼영이엔씨 주식회사,부산광역시 영도구 일산봉로 1 (청학동),부산광역시 영도구 청학동 84-132번지,기타 무선 통신장비 제조업 외 1 종,051-601-6666,051-413-4446,,,110,"선박용 통신기기, 어군탐지기"
287,삼영이엔씨(주),부산광역시 영도구 상리로 69 (동삼동),부산광역시 영도구 동삼동 1123-17번지,기타 무선 통신장비 제조업 외 2 종,051-601-6666,051-412-6616,0,0,160,"GPS Plotter,GMDSS,AIS,단파통신체계"
288,삼영조선소,부산광역시 영도구 남항동2가 12-7번지 외 2필지,부산광역시 영도구 남항동2가 12-7번지 외 2필지,선박 구성 부분품 제조업 외 1 종,051-416-0107,051-418-0083,2,0,13,"선박수리,선박부품"
289,삼영해양,,부산광역시 영도구 남항동2가 12-16,선박 구성 부분품 제조업,051-416-0107,051-418-0083,,,1,선박 선체 제관
290,삼원IT,"부산광역시 영도구 절영로 71, 부산멀티미디어지원센터 401호 (남항동2가)",부산광역시 영도구 남항동2가 236-4 번지 부산멀티미디어지원센터 401호,기타 무선 통신장비 제조업 외 1 종,051-441-6031,051-441-6032,,,4,"AIS, AtoN, VHF송수신기"
291,삼정공업사,부산광역시 영도구 대평로46번길 7 (대평동2가),부산광역시 영도구 대평동2가 145-2번지,선박 구성 부분품 제조업,051-416-2043,051-416-4447,0,0,1,선박구성부분품
292,삼진엔지니어링,부산광역시 영도구 남항서로 6-12 (남항동3가),부산광역시 영도구 남항동3가 141-201번지,기타 일반 기계 및 장비 수리업 외 2 종,051-418-5288,051-418-6885,,,4,선박수리
293,삼창GTC,부산광역시 영도구 태종로89번길 36 (봉래동2가),부산광역시 영도구 봉래동2가 78-6번지,선박 구성 부분품 제조업,051-417-8227,051-417-8228,,,4,선박엔진
294,삼현정밀기계공업사,부산광역시 영도구 남항서로70번길 46-4 (남항동3가),부산광역시 영도구 남항동3가 73-31번지,그 외 기타 일반목적용 기계 제조업 외 2 종,051-417-5740,051-413-7336,0,0,4,통조림 밀봉기 및 부품
295,삼화조선 주식회사,"부산광역시 영도구 대평남로 61(대평동2가, 삼화조선)",부산광역시 영도구 대평동2가 3-4 삼화조선,강선 건조업 외 1 종,051-415-3421,051-415-3422,0,0,9,강선수리업
296,상운전기,부산광역시 영도구 해양로117번길 12 (청학동),부산광역시 영도구 청학동 1-91번지,선박 구성 부분품 제조업,051-412-7772,051-412-7773,,,2,발전기 모터수리
297,상원전기,부산광역시 영도구 대평로 13 (대평동1가),부산광역시 영도구 대평동1가 88-1번지,배전반 및 전기 자동제어반 제조업,051-417-2805,051-415-3559,0,0,3,전기 제어반
298,서주금속,부산광역시 영도구 해양로87번길 23 (청학동),부산광역시 영도구 청학동 217-99번지,"동 제련, 정련 및 합금 제조업",,051-414-8208,,,3,pump impella
299,서진엠텍 주식회사,부산광역시 영도구 해양로57번길 30 (청학동),부산광역시 영도구 청학동 217-128번지,선박 구성 부분품 제조업,051-412-3200,051-412-3201,,,5,선박수리
300,선경전기공업사,부산광역시 영도구 대평로 40 (대평동2가),부산광역시 영도구 대평동2가 168-1번지,배전반 및 전기 자동제어반 제조업,051-415-1218,051-412-1218,0,0,2,배전판 판넬
301,선박냉열,부산광역시 영도구 남항서로104번길 5 (남항동2가),부산광역시 영도구 남항동2가 36-5번지,선박 구성 부분품 제조업,051-415-3781,051-415-3780,0,0,1,Cooler 제작 및 수리
302,선우기업,부산광역시 영도구 절영로102번길 3 (영선동3가),부산광역시 영도구 영선동3가 66-6번지,선박 구성 부분품 제조업,051-418-3530,051-418-3531,,,3,CERAMIC가공
303,선우엔지니어링,"부산광역시 영도구 남항남로 23-7 (남항동3가, 선우엔지니어링)",부산광역시 영도구 남항동3가 73-23번지,선박 구성 부분품 제조업,051-417-6767,051-417-8898,0,0,8,"선박기관, 선박기관부품 제조"
304,선우종합해사(주),부산광역시 영도구 해양로 22 (청학동),부산광역시 영도구 청학동 326-6,선박 구성 부분품 제조업 외 3 종,051-417-8900,051-417-8902,,,0,선박수리
305,선우트레이딩전기(주),부산광역시 영도구 해양로 22 (청학동),부산광역시 영도구 청학동 326-6번지,배전반 및 전기 자동제어반 제조업 외 3 종,051-417-8900,051-417-8902,,,1,"배전반, 판넬"
306,선원상사(주),부산광역시 영도구 대평남로 6-7 (대평동1가),부산광역시 영도구 대평동1가 79번지,선박 구성 부분품 제조업,051-416-1810,051-416-2514,,,5,선박용 밸브류
307,선진조선(주) 1공장,부산광역시 영도구 대평남로51번길 14 (대평동2가) (총 2 필지),부산광역시 영도구 대평동2가 13-1번지,강선 건조업 외 5 종,051-414-8885,051-415-3350,0,0,39,선박수리
308,선진조선(주) 2공장,부산광역시 영도구 대평남로 55(대평동2가) 외 10필지,부산광역시 영도구 대평동2가 6-1 외 10필지,강선 건조업 외 3 종,051-414-8885,051-415-3350,6,,39,선박수리
309,성신엔지니어링,부산광역시 영도구 대평로33번길 17 (대평동1가),부산광역시 영도구 대평동1가 109-4번지,선박 구성 부분품 제조업,051-417-4675,051-418-4675,,,2,선박 구성 가공품 및 수리품
310,성신전기,"부산광역시 영도구 남항서로82번길 61 (남항동2가, 신영선박공장)",부산광역시 영도구 남항동2가 186-5번지,선박 구성 부분품 제조업,051-416-4929,051-416-4928,0,0,4,선박용 전기 Panel 제작
311,성심냉동공업사,부산광역시 영도구 해양로87번길 16 (청학동),부산광역시 영도구 청학동 217-164번지,선박 구성 부분품 제조업,051-416-0155,,,,1,선박부품
312,성심산업,부산광역시 영도구 남항남로9번길 6 (남항동3가),부산광역시 영도구 남항동3가 28-2번지,선박 구성 부분품 제조업,051-414-9701,051-414-9703,,,2,선박부품
313,성심전기,부산광역시 영도구 해양로 33-34 (청학동),부산광역시 영도구 청학동 330-133번지,선박 구성 부분품 제조업,051-418-8658,051-418-8659,1,,4,선박모터등
314,성아공업사,부산광역시 영도구 산업로 17 (청학동),부산광역시 영도구 청학동 3-7번지,기타 1차 비철금속 제조업,051-416-4995,051-416-4995,0,0,8,알루미늄가공(1차 비철금속)
315,성우전기,"부산광역시 영도구 해양로 33-34 (청학동, 성우전기공장)",부산광역시 영도구 청학동 330-133번지 성우전기공장,선박 구성 부분품 제조업,051-415-6525,,,,3,"모터,발전기 "
316,성원테크,부산광역시 영도구 해양로87번길 13 (청학동),부산광역시 영도구 청학동 217-104번지,"탭, 밸브 및 유사장치 제조업 외 1 종",051-412-8161,051-412-8162,,,3,"펌프가공품, 선박기관부품"
317,성은전기,부산광역시 영도구 대교로46번길 9 (봉래동1가),부산광역시 영도구 봉래동1가 187-1번지,선박 구성 부분품 제조업,051-413-9490,051-412-9490,,,3,"배전반, 분전함등"
318,성일공업사,부산광역시 영도구 대평로28번길 7 (대평동1가),부산광역시 영도구 대평동1가 39번지,선박 구성 부분품 제조업,051-417-6561,051-417-6562,,,1,선박구성부품(선박수리)
319,성진엔지니어링,,부산광역시 영도구 남항동3가 29-178,선박 구성 부분품 제조업 외 1 종,051-418-2875,051-418-4467,,,3,기관부품 및 선박의장품
320,성진정밀,"부산광역시 영도구 절영로102번길 8, 1층 (영선동3가)",부산광역시 영도구 영선동3가 50-3번지,절삭가공 및 유사처리업,051-416-9885,051-416-9886,0,0,2,"발브시드링,가이드(선박내연기관부품)"
321,성창마린,부산광역시 영도구 남항남로 16 (남항동3가),부산광역시 영도구 남항동3가 141-35,선박 구성 부분품 제조업,051-413-8009,051-413-5502,,,4,선박부품(유압) 
322,세기유압상사,"부산광역시 영도구 영선대로37번길 4, (일부) (영선동4가)",부산광역시 영도구 영선동4가 7-5번지 (일부),유압기기 제조업,051-412-2536,051-414-8440,0,0,3,유압기기(유압샤프트)
323,세명전기공업사,부산광역시 영도구 남항서로104번길 8 (남항동2가),부산광역시 영도구 남항동2가 30-13 번지,배전반 및 전기 자동제어반 제조업,051-417-9488,051-417-9487,,,4,전기판넬
324,세양실업(주),부산광역시 영도구 남항남로9번길 29 (남항동3가),부산광역시 영도구 남항동3가  1-32번지,도장 및 기타 피막처리업,051-418-6990,051-412-6990,,,4,선박도장등
325,세양종합상사,부산광역시 영도구 대평로33번길 18 (대평동2가),부산광역시 영도구 대평동2가 28-2 번지,선박 구성 부분품 제조업,051-417-8804,051-417-8805,,,6,"선박밸브, 선박의장품 등"
326,세연테크,부산광역시 영도구 해양로 24-7 (청학동),부산광역시 영도구 청학동 322-7번지,선박 구성 부분품 제조업,051-417-7253,051-418-7253,,,8,"선박냉동기, 에어콘 부품제작,수리"
327,세영선박공업(주),부산광역시 영도구 해양로117번길 20 (청학동),부산광역시 영도구 청학동 1-89번지,선박 구성 부분품 제조업,051-418-4541,051-418-4544,0,0,14,"선박용기관, 갑판부품 제작, 수리"
328,"세원, 아이비",부산광역시 영도구 절영로 133 (영선동4가),부산광역시 영도구 영선동4가 125-2번지,"근무복, 작업복 및 유사의복 제조업 외 2 종",051-413-4500,051-414-8686,0,0,6,"학생복, 유니폼"
329,세인전기,부산광역시 영도구 대평로45번길 7 (대평동2가),부산광역시 영도구 대평동2가 57-7,선박 구성 부분품 제조업,,051-404-8017,,,0,선박수리
330,세정ENG,부산광역시 영도구 남항서로 112 (남항동1가),부산광역시 영도구 남항동1가 35-4,선박 구성 부분품 제조업,051-415-0591,051-412-6361,,,3,연료펌프
331,세진전기상사,부산광역시 영도구 대평로 31 (대평동1가),부산광역시 영도구 대평동1가 104-1 번지,배전반 및 전기 자동제어반 제조업,051-415-5285,051-415-5292,,,4,"베이트투이기, 슈퍼로라, 판넬 등"
332,세창정밀,"부산광역시 영도구 남항서로92번길 14, 1층,2층(건축물일부) (남항동2가)",부산광역시 영도구 남항동2가 23-1번지,기어 및 동력전달장치 제조업,051-412-2507,051-416-2157,0,0,1,기어제작
333,세화기업,부산광역시 영도구 남항서로70번길 48 (남항동3가),부산광역시 영도구 남항동3가 73-32번지,선박 구성 부분품 제조업,051-417-2315,051-415-2326,0,0,3,선박목의장품
334,솔텍(주),"부산광역시 영도구 해양로65번길 26-17, 3호(청학동) (청학동)",부산광역시 영도구 청학동 217-160번지 3호(청학동),선박 구성 부분품 제조업,051-253-0355,,,,1,선박구성부품
335,송강에프앤비 (F&B),부산광역시 영도구 남항남로 23-9 (남항동3가),부산광역시 영도구 남항동3가 73-24번지,그 외 기타 식료품 제조업,051-412-0554,051-412-0999,,,5,건강식품
336,송산기업,부산광역시 영도구 대평로41번길 6(대평동2가),부산광역시 영도구 대평동2가 52,선박 구성 부분품 제조업,051-416-8272,051-413-0096,,,1,"선박구성부분품제조업, 선박목공품"
337,수성전기공업사,부산광역시 영도구 대평로 43(대평동2가),부산광역시 영도구 대평동2가 42-5,선박 구성 부분품 제조업,051-417-8929,051-417-8925,,,1,"선박부품(배전함,모터등)"
338,수정마린서비스,부산광역시 영도구 해양로195번나길 24(동삼동),부산광역시 영도구 동삼동 201-97,선박 구성 부분품 제조업,051-414-3454,051-414-3455,,,2,"선박수리(배관,외판,엔진)"
339,승광엔지니어링,"부산광역시 영도구 태종로 291, 1층 (청학동)",부산광역시 영도구 청학동 322-10번지 1층,선박 구성 부분품 제조업,051-414-9376,051-414-9377,,,3,"선박부품, 배관제작"
340,시온마린서비스,부산광역시 영도구 남항남로19번길 9 (남항동3가),부산광역시 영도구 남항동3가 29-116번지,기타 일반 기계 및 장비 수리업,051-418-7959,051-418-7958,,,1,장비수리
341,신강터빈,부산광역시 영도구 남항서로82번길 39 (남항동2가),부산광역시 영도구 남항동2가 157-3번지,선박 구성 부분품 제조업,051-418-6762,,,,5,선박터빈부품
342,신광선박공업사,부산광역시 영도구 대평로 10-6 (대평동1가),부산광역시 영도구 대평동1가 61번지,선박 구성 부분품 제조업,051-412-6011,,,,3,"파이프,선박부품"
343,신광엔지니어링,부산광역시 영도구 남항서로 100 (남항동2가),부산광역시 영도구 남항동2가 28-1번지,기타 일반 기계 및 장비 수리업,051-417-1784,051-415-1784,,,2,선박엔진수리
344,신대아엔지니어링,부산광역시 영도구 대평로53번길 2 (대평동2가),부산광역시 영도구 대평동2가 89-19번지,선박 구성 부분품 제조업,051-413-6475,051-415-4704,0,0,11,선박부품
345,신보프로펠러공업,부산광역시 영도구 태종로50번길 23 (대교동1가),부산광역시 영도구 대교동1가 31-2번지,선박 구성 부분품 제조업,051-418-7667,051-418-9311,0,0,2,선박프로펠라
346,신성이엔지,부산광역시 영도구 해양로 30 (청학동),부산광역시 영도구 청학동 322-6번지,선박 구성 부분품 제조업,051-413-9302,,,,0,선박부품
347,신아기업사,부산광역시 영도구 해양로 12 (청학동),부산광역시 영도구 청학동 326-7번지,선박 구성 부분품 제조업,051-415-4359,,,,6,선박의장 부분품
348,신정테크,부산광역시 영도구 대평로20번길 13 (대평동1가),부산광역시 영도구 대평동1가 1-3번지,방송장비 제조업 외 6 종,051-415-4429,,,,4,"폐쇄회로 텔레비전,영상감시장비"
349,신진터빈엔지니어링,"부산광역시 영도구 대평남로 47,  18-4번지 (대평동2가)",부산광역시 영도구 대평동2가  18-3번지,내연기관 제조업,051-414-7174,051-414-7130,0,0,3,터빈부품
350,신창공업사,부산광역시 영도구 대평로46번길 11-9 (대평동2가),부산광역시 영도구 대평동2가  128번지,선박 구성 부분품 제조업 외 1 종,051-412-6063,051-415-3325,0,0,6,선박구성부품제조
351,신한자이로사,부산광역시 영도구 대평로41번길 2-1 (대평동2가),부산광역시 영도구 대평동2가 42-10번지,선박 구성 부분품 제조업,051-413-9555,051-412-8984,,,3,전자기기(선박 나침반)
352,신한테크,부산광역시 영도구 해양로111번길 32 (청학동),부산광역시 영도구 청학동 1-37번지,선박 구성 부분품 제조업,051-416-9598,051-416-9581,0,0,2,수압 배관라인
353,신호전기,"부산광역시 영도구 남항남로 32-1 (남항동3가, 남항동 공장)",부산광역시 영도구 남항동3가 141-56번지,배전반 및 전기 자동제어반 제조업 외 1 종,051-415-4159,,0,0,2,"배전반 제작, 선박전기 수리"
354,신화테크,부산광역시 영도구 해양로 46 (청학동) 외 2필지,부산광역시 영도구 청학동 304-3번지 외 2필지,선박 구성 부분품 제조업,,051-416-1933,,,1,선박부품
355,썬마린토탈(주),"부산광역시 영도구 남항서로91번길 50 (남항동2가, 삼영조선소)",부산광역시 영도구 남항동2가 12-7번지 삼영조선소,선박 구성 부분품 제조업 외 1 종,051-728-7215,,,,4,수리업
356,썬테크,부산광역시 영도구 청학동로 47 (청학동),부산광역시 영도구 청학동 120-77번지,기타 무선 통신장비 제조업,051-413-5000,051-403-7200,,,1,기타무선 통신장비
357,씨나래 주식회사,부산광역시 영도구 해양로195번나길 44 (동삼동),부산광역시 영도구 동삼동 201-94,선박 구성 부분품 제조업,,051-261-7932,,,2,선박부품(추진기 등)
358,씨더블유마린테크,"부산광역시 영도구 남항남로19번길 5, 2층(남항동3가)",부산광역시 영도구 남항동3가 29-127 2층,선박 구성 부분품 제조업,051-417-3735,051-417-3736,,,1,"선박 제어반, 기동반 "
359,씨코리아엔지니어링,"부산광역시 영도구 해양로 65, 26-18 (청학동)",부산광역시 영도구 청학동 217-82번지 26-18,선박 구성 부분품 제조업,051-418-7401,,,,10,선박 구조물 제작
360,아리온통신 주식회사 부산지점,"부산광역시 영도구 산업로 25, 2층 (청학동)",부산광역시 영도구 청학동 3-1 2층,기타 무선 통신장비 제조업,051-463-7517,051-463-7519,,,7,위치추적 통신장비
361,아신전기엔지니어링,"부산광역시 영도구 절영로50번길 5, 1/3 (남항동1가)",부산광역시 영도구 남항동1가 80-2번지,배전반 및 전기 자동제어반 제조업,051-415-2949,051-412-3806,0,0,2,"집어등, 수중등, 권양기 제작"
362,아이에스테크,부산광역시 영도구 해양로15번길 1 (청학동),부산광역시 영도구 청학동 330-100,선박 구성 부분품 제조업,051-414-7073,051-414-7100,,,3,"선박수리, 선박의장품"
363,아이엠마린,부산광역시 영도구 남항남로 32-1 (남항동3가),부산광역시 영도구 남항동3가 141-56,선박 구성 부분품 제조업,051-413-0815,051-413-6954,,,2,"선박엔진파트 가공 생산, 수리"
364,아자엔지니어링,"부산광역시 영도구 해양로15번길 18, A동(일부) (청학동)",부산광역시 영도구 청학동 330-9번지 A동(일부),선박 구성 부분품 제조업,051-418-6385,051-413-6385,0,0,11,선박의장품
365,안전전기,부산광역시 영도구 남항서로 6-8(남항동3가),부산광역시 영도구 남항동3가 141-202,선박 구성 부분품 제조업,051-417-8794,051-414-8794,,,5,"선박부품제조 및 수리(선박모터, 발전기, 선박전기)"
366,에스더마린,부산광역시 영도구 해양로195번나길 44 (동삼동),부산광역시 영도구 동삼동 201-94,기타 일반 기계 및 장비 수리업 외 1 종,,0504-076-9373,,,2,"선박부품, 유압장비"
367,에스에스마린솔루션,"부산광역시 영도구 대평로20번길 9, 백경유압 내(대평동1가)",부산광역시 영도구 대평동1가 1-4 백경유압 내,선박 구성 부분품 제조업,051-417-2100,051-417-2400,,,1,"유압크레인 수리, 해치커버 수리, Ro-Ro선 장비 수리"
368,에스엠엔지니어링,부산광역시 영도구 대평남로 45 (대평동2가),부산광역시 영도구 대평동2가 21,선박 구성 부분품 제조업,051-414-8529,051-418-8569,,,2,"제조, 선박수리"
369,에스이앤에스(주),"부산광역시 영도구 봉래나루로 285, 1층 1호 (봉래동4가)",부산광역시 영도구 봉래동4가 1 1층 1호,선박 구성 부분품 제조업,051-416-9184,051-416-9188,,,2,선박구성부분품
370,에스지엔지니어링,부산광역시 영도구 해양로195번나길 22 (동삼동),부산광역시 영도구 동삼동 201-98,선박 구성 부분품 제조업,051-414-6614,051-414-6615,,,2,"선박용 의장 부속품, 선박수리"
371,에스케이브이(주),부산광역시 영도구 절영로94번길 9-9 (영선동3가),부산광역시 영도구 영선동3가 48-2번지,선박 구성 부분품 제조업,051-417-8951,051-413-9617,,,4,밸브
372,에이스산업,부산광역시 영도구 청학동 1-95번지 (일부) 외 1필지,부산광역시 영도구 청학동 1-95번지 (일부) 외 1필지,내연기관 제조업 외 1 종,051-418-8116,051-418-9118,0,0,10,"선박내연기관부품,철구조물"
373,에이제트마린,부산광역시 영도구 해양로182번길 14(청학동),부산광역시 영도구 청학동 1-219,선박 구성 부분품 제조업 외 4 종,,051-412-9185,,,0,선박부품
374,에이치에스(HS)마린 엔지니어링,부산광역시 영도구 대평남로51번길 5 (대평동2가),부산광역시 영도구 대평동2가 14번지,선박 구성 부분품 제조업 외 1 종,051-413-0075,051-413-0076,,,6,"선박수리, 선박부품 제조"
375,에이치케이 엘이디테크,"부산광역시 영도구 남항남로 41, 2층(남항동3가) (남항동3가)",부산광역시 영도구 남항동3가 135-2번지 2층(남항동3가),선박 구성 부분품 제조업,051-417-8881,,,,3,선박제어기기
376,에이치티이(HTE),부산광역시 영도구 대평로6번길 7(대평동1가),부산광역시 영도구 대평동1가 55,선박 구성 부분품 제조업,051-416-4950,051-413-3322,,,4,선박구성부분품제조업
377,엘에스지마리타임,부산광역시 영도구 대평남로 52 (대평동2가),부산광역시 영도구 대평동2가 57-10번지,선박 구성 부분품 제조업,051-418-1321,051-413-8979,0,0,4,라이나
378,엘와이티마린,부산광역시 영도구 해양로 194 (청학동),부산광역시 영도구 청학동 1-199번지,선박 구성 부분품 제조업,051-412-0491,051-414-9871,,,12,선박부품
379,엘케이컨트롤,부산광역시 영도구 해양로195번나길 38 (동삼동),부산광역시 영도구 동삼동 201-101,선박 구성 부분품 제조업,051-711-7251,0504-207-7249,,,4,"선박점검, 기술검사, 선박구성부분품제조(선박용 전기판넬)"
380,엠앤씨엔지니어링 주식회사,"부산광역시 영도구 산업로 23 (청학동, 일신빌딩)",부산광역시 영도구 청학동 3-29번지,선박 구성 부분품 제조업 외 1 종,051-418-8306,051-418-8305,0,0,9,"선박구성부분품 제조, 발효기 제조"
381,엠에스엔티(주),부산광역시 영도구 대평로46번길 16 (대평동2가),부산광역시 영도구 대평동2가 201-1번지,기타 선박 건조업,051-412-1970,,,,4,선박수리 
382,엠엠에스,부산광역시 영도구 해양로 33-32 (청학동),부산광역시 영도구 청학동 330-134번지,선박 구성 부분품 제조업,051-412-4666,051-412-4662,,,1,선박엔진등
383,영광마린,부산광역시 영도구 대평남로 68-1 (대평동2가),부산광역시 영도구 대평동2가 89-6,선박 구성 부분품 제조업,051-417-4410,,,,1,선박부품 제조 및 수리(배관 등)
384,영광전기,"부산광역시 영도구 대평로42번길 3, 1층일부 (대평동2가)",부산광역시 영도구 대평동2가 157번지 1층일부,배전반 및 전기 자동제어반 제조업,051-415-3590,051-415-3591,0,0,1,선박전기제어장치
385,영남금속공업사,부산광역시 영도구 남항서로92번길 38 (남항동2가),부산광역시 영도구 남항동2가 65-28번지,기타 비철금속 주조업,051-416-1595,051-412-9119,0,0,22,"자동차부품, 낚시릴"
386,영남테크엔지니어링,부산광역시 영도구 남항서로 12-9 (남항동3가),부산광역시 영도구 남항동3가 141-122,선박 구성 부분품 제조업,051-418-9148,051-418-9147,,,3,선박수리
387,영도발전기,부산광역시 영도구 남항서로92번길 31 (남항동2가) (총 2 필지) 외 1필지,부산광역시 영도구 남항동2가 68-10번지 외 1필지,전동기 및 발전기 제조업,051-416-4481,051-416-4480,0,0,3,이동식 발전기 제작수리
388,영도조선(주),부산광역시 영도구 대평남로51번길 26 (대평동2가),부산광역시 영도구 대평동2가 12-3번지,강선 건조업 외 1 종,051-416-1001,051-416-1006,0,0,15,선박수리
389,영성전기,부산광역시 영도구 대평로27번길 21 (대평동1가),부산광역시 영도구 대평동1가 128-5번지,선박 구성 부분품 제조업,051-417-5325,051-416-5324,,,1,전기판넬외
390,영신기업(주),"부산광역시 영도구 해양로15번길 1, 영신기업 공장 (청학동)",부산광역시 영도구 청학동 330-100 영신기업 공장,선박 구성 부분품 제조업,051-415-3824,,0,0,7,선박 구성 부분품 제조업
391,영은전기,부산광역시 영도구 남항남로19번길 62 (남항동2가),부산광역시 영도구 남항동2가 149-1번지,선박 구성 부분품 제조업,051-417-5558,051-417-7778,,,1,선박전기수리 및 제작
392,영진기업,"부산광역시 영도구 태종로89번길 40 (봉래동2가, 일생기업사)",부산광역시 영도구 봉래동2가 78-8번지,선박 구성 부분품 제조업 외 1 종,051-415-4560,051-413-4561,,,4,밸브 부속품 가공
393,예광공업사,부산광역시 영도구 해양로 108 (청학동),부산광역시 영도구 청학동 1-81번지,그 외 자동차용 신품 부품 제조업 외 3 종,051-416-6011,051-412-4523,0,0,4,자동차부품
394,오성어구사,"부산광역시 영도구 해양로 135 (청학동, 오성어구사)",부산광역시 영도구 청학동 1-125번지 오성어구사,어망 및 기타 끈 가공품 제조업,051-412-7951,,0,0,4,어망제조
395,오션마린테크,부산광역시 영도구 해양로65번길 27 (청학동),부산광역시 영도구 청학동 217-135번지,어망 및 기타 끈 가공품 제조업,051-941-7352,051-941-7355,,,4,"안정망, 선박용사다리"
396,오션터보텍,부산광역시 영도구 남항서로 4 (남항동3가),부산광역시 영도구 남항동3가 141-204번지,선박 구성 부분품 제조업,051-413-5665,051-413-5663,,,3,선박부품 및 수리
397,오션테크엔지니어링 주식회사,부산광역시 영도구 해양로195번나길 21 (동삼동),부산광역시 영도구 동삼동 201-108,선박 구성 부분품 제조업,051-415-5030,051-415-5032,,,7,선박수리
398,용림터보엔지니어링,부산광역시 영도구 해양로 69 (청학동),부산광역시 영도구 청학동 217-92번지,선박 구성 부분품 제조업,051-714-7487,,,,2,터보차저수리
399,용민종합전기,부산광역시 영도구 남항남로9번길 12-4 (남항동3가),부산광역시 영도구 남항동3가 29-37,선박 구성 부분품 제조업 외 1 종,051-404-6211,051-415-1465,,,3,"선박수리(전기수리, 판넬제작)"
400,용운테크,부산광역시 영도구 남항서로70번길 59-2 (남항동3가),부산광역시 영도구 남항동3가 96-5,선박 구성 부분품 제조업,051-415-6665,051-415-6668,,,1,선박수리
401,용해전기,부산광역시 영도구 해양로182번길 19 (청학동),부산광역시 영도구 청학동 1-186,선박 구성 부분품 제조업,051-416-0467,,,,8,선박 전기기동판넬
402,우리조선 주식회사,부산광역시 영도구 대평로 56 (대평동2가),부산광역시 영도구 대평동2가 119번지,강선 건조업 외 1 종,051-414-9991,051-412-4766,,,15,강선 건조 및 선박수리
403,우리토탈마린 주식회사,부산광역시 영도구 해양로 33-32 (청학동),부산광역시 영도구 청학동 330-134번지,선박 구성 부분품 제조업,051-711-5200,070-8299-5200,,,1,선박부품
404,우리토탈써비스,부산광역시 영도구 남항남로 14 (남항동3가),부산광역시 영도구 남항동3가 141-190번지,선박 구성 부분품 제조업 외 2 종,051-416-5225,051-416-5221,,,10,선박부품
405,우성선박,부산광역시 영도구 대평로28번길 22 (대평동1가),부산광역시 영도구 대평동1가 10-2,선박 구성 부분품 제조업,051-414-0887,,,,1,선박 목의장 제품
406,우성엔진상사,부산광역시 영도구 대평로 21-1 (대평동1가),부산광역시 영도구 대평동1가 99-5번지,선박 구성 부분품 제조업,051-415-0466,051-413-3687,0,0,3,선박엔진(고속)
407,우성전업사,부산광역시 영도구 남항서로82번길 8 (남항동3가),부산광역시 영도구 남항동3가 1-9번지,배전반 및 전기 자동제어반 제조업,051-416-6564,051-414-7714,0,0,4,"배전반, 콘베어"
408,우성터보엔지니어링,부산광역시 영도구 해양로 33-52 (청학동),부산광역시 영도구 청학동 330-59번지,선박 구성 부분품 제조업 외 5 종,051-415-3461,051-415-3425,,,7,터보차져
409,우신토탈엔지니어링,부산광역시 영도구 해양로195번가길 26 (동삼동),부산광역시 영도구 동삼동 201-66번지,선박 구성 부분품 제조업,051-417-8955,,,,4,선박부품
410,우진공업사,부산광역시 영도구 남항서로 42 (남항동3가) 외 1필지,부산광역시 영도구 남항동3가 141-167 번지 외 1필지,선박 구성 부분품 제조업,051-412-5321,051-415-5961,0,0,5,선박부품
411,우진선박공업사,"부산광역시 영도구 대평로19번길 20, (건물일부) (대평동1가) 외 1필지",부산광역시 영도구 대평동1가 156번지 (건물일부) 외 1필지,구름베어링 제조업,051-413-3830,051-412-0306,0,0,1,축계 베어링(선박용)
412,우진정밀기기,부산광역시 영도구 남항서로104번길 10 (남항동2가),부산광역시 영도구 남항동2가 30-2번지,선박 구성 부분품 제조업,051-414-7589,051-415-2337,,,3,선박기관 부품
413,원탑마린,부산광역시 영도구 봉래나루로 64-1 (봉래동1가) 외 1필지,부산광역시 영도구 봉래동1가 8-3번지 외 1필지,선박 구성 부분품 제조업,051-414-0700,051-414-0702,,,4,선박부품
414,월드냉동,"부산광역시 영도구 대평로 16, 22호 (대평동1가, 대동대교맨션아파트)",부산광역시 영도구 대평동1가 1번지 대동대교맨션아파트 22호,선박 구성 부분품 제조업,,051-417-5214,,,0,"선박냉동기, 에어콘"
415,월드전기,부산광역시 영도구 해양로 33-50 (청학동),부산광역시 영도구 청학동 330-120,선박 구성 부분품 제조업,,051-413-4272,,,0,선박수리
416,웰스텍마린 주식회사,부산광역시 영도구 해양로65번길 13 (청학동),부산광역시 영도구 청학동 217-141,선박 구성 부분품 제조업,,050-4324-7196,,,1,선박수리
417,유남마린,부산광역시 영도구 해양로65번길 22 (청학동),부산광역시 영도구 청학동 217-86번지,선박 구성 부분품 제조업,051-412-9659,051-418-5558,,,2,선박부품
418,유니버셜마린테크(주),부산광역시 영도구 해양로 59 (청학동),부산광역시 영도구 청학동 217-77,금속탱크 및 저장용기 제조업 외 4 종,051-621-2005,051-621-2006,,,9,"., 선박기자재, ., ., ."
419,유진선박공업사,부산광역시 영도구 태종로50번길 21 (대교동1가),부산광역시 영도구 대교동1가 31-1번지,선박 구성 부분품 제조업,051-416-2227,051-412-2729,0,0,8,"햇드,피스톤,발브복스"
420,유진선박의장(주),부산광역시 영도구 해양로 8 (청학동),부산광역시 영도구 청학동 326-8번지,선박 구성 부분품 제조업,051-414-7021,051-414-7023,,,11,선박의장품
421,유창산업,부산광역시 영도구 대평로 59-1 (대평동2가),부산광역시 영도구 대평동2가 89-8번지,선박 구성 부분품 제조업,051-413-6880,,0,0,2,선박부품
422,유케이마린써비스주식회사,부산광역시 영도구 대평로46번길 11-9 (대평동2가),부산광역시 영도구 대평동2가 128번지,선박 구성 부분품 제조업,051-415-2811,,,,4,선박수리
423,유한회사 우성오션테크,부산광역시 영도구 해양로 33-52 (청학동),부산광역시 영도구 청학동 330-59번지,선박 구성 부분품 제조업 외 5 종,051-417-6678,051-418-7975,,,4,기관부품
424,은성마린,"부산광역시 영도구 해양로15번길 18, B동(청학동, 아자엔지니어링)",부산광역시 영도구 청학동 330-9 아자엔지니어링 B동,선박 구성 부분품 제조업,,051-361-5179,,,0,선박수리(엔진)
425,이강실업 ,부산광역시 영도구 해양로87번길 26 (청학동),부산광역시 영도구 청학동 217-109번지,선박 구성 부분품 제조업,051-417-7731,051-417-7766,,,1,"선박수리, 선박부품"
426,이브마린 주식회사,부산광역시 영도구 해양로87번길 25 (청학동),부산광역시 영도구 청학동 217-98,선박 구성 부분품 제조업,051-417-9534,051-418-9534,,,1,"선박수리, 선내 욕실 시설"
427,이에스마린,부산광역시 영도구 남항남로19번길 6 (남항동3가),부산광역시 영도구 남항동3가 74-2번지,선박 구성 부분품 제조업 외 1 종,051-417-6465,051-417-6466,,,3,"선박부품,수상구조물"
428,이엠전기,"부산광역시 영도구 해양로 33-34, 1층(청학동, 성우전기공장)",부산광역시 영도구 청학동 330-133 성우전기공장 1층,전동기 및 발전기 제조업 외 2 종,051-418-9993,051-418-9994,,,0,선박수리
429,이원종합정밀,부산광역시 영도구 남항서로70번길 5 (남항동3가),부산광역시 영도구 남항동3가 1-12번지,선박 구성 부분품 제조업,051-416-2717,051-416-2797,,,1,밸브
430,이화공업사,부산광역시 영도구 남항서로82번길 30 (남항동3가),부산광역시 영도구 남항동3가 32-14번지,선박 구성 부분품 제조업,051-416-1126,051-416-1127,0,0,1,선박구성부분품제조
431,인시츄엔지니어링,부산광역시 영도구 대평남로 46-1 (대평동2가),부산광역시 영도구 대평동2가 55-2번지,"기타 측정, 시험, 항해, 제어 및 정밀기기 제조업",051-806-2203,,,,0,엔진측정장비
432,일광엔지니어링,부산광역시 영도구 남항서로 4 (남항동3가),부산광역시 영도구 남항동3가 141-204번지,선박 구성 부분품 제조업,,,,,1,선박부품
433,일동기업,"부산광역시 영도구 남항남로 8-1 (남항동3가, 천일금속)",부산광역시 영도구 남항동3가 141-85 번지,선박 구성 부분품 제조업,051-208-2893,051-207-2893,,,4,선박의장품
434,일룡전기,"부산광역시 영도구 남항서로 6-16 (남항동3가, 일룡전기공장)",부산광역시 영도구 남항동3가 141-193번지,선박 구성 부분품 제조업,051-416-4581,051-416-4556,0,0,6,"배전함,분전반 및 각종기기"
435,일성기업사,부산광역시 영도구 태종로89번길 42 (봉래동2가),부산광역시 영도구 봉래동2가 78-8번지,선박 구성 부분품 제조업,051-418-0208,051-412-0446,0,0,4,선박수리 및 선박의장품
436,일신마린엔지니어링(주),"부산광역시 영도구 산업로 23(청학동, 일신빌딩)",부산광역시 영도구 청학동 3-29 일신빌딩,선박 구성 부분품 제조업,051-418-8306,051-418-8305,,,4,"선박수리(배관, VENT, 기타FITTING류)"
437,일우피팅,"부산광역시 영도구 남항남로19번길 20 (남항동3가, (주)태림오릭스)",부산광역시 영도구 남항동3가 73-1번지,선박 구성 부분품 제조업,051-412-2600,051-412-6002,0,0,8,선용의장품
438,일진전기공업사,부산광역시 영도구 대평로53번길 1 (대평동2가),부산광역시 영도구 대평동2가 80-3번지,선박 구성 부분품 제조업,051-413-9340,051-416-5197,0,0,1,선박전기부품
439,재경전자,"부산광역시 영도구 남항남로 23-2 (남항동3가, 재경전자)",부산광역시 영도구 남항동3가 73-26번지,그 외 기타 전자부품 제조업 외 1 종,051-417-1461,051-417-8671,0,0,2,오징어 낚시도구(조상기)
440,재신용접,부산광역시 영도구 태종로50번길 43 (대교동1가),부산광역시 영도구 대교동1가 82번지,선박 구성 부분품 제조업,051-413-8555,,0,0,2,"알루미늄 사다리, 해치카바"
441,정동기계사,부산광역시 영도구 해양로176번길 14 (청학동),부산광역시 영도구 청학동 1-203번지,선박 구성 부분품 제조업 외 4 종,051-417-4545,051-417-4545,,,5,선박구성부분품 제조업 외 2종
442,정양엔지니어링 주식회사,"부산광역시 영도구 해양로 209, 건물 중앙  (동삼동)",부산광역시 영도구 동삼동 201-78 건물 중앙,선박 구성 부분품 제조업,051-466-2651,051-466-2652,,,2,"선박기계부품, 선박수리"
443,정일중공업,부산광역시 영도구 대평로 47 (대평동2가),부산광역시 영도구 대평동2가  63-1번지,선박 구성 부분품 제조업,051-415-1771,051-415-1660,0,0,9,터빈
444,정진기업,"부산광역시 영도구 태종로 537-5 (동삼동, (주)정도기업)",부산광역시 영도구 동삼동 180번지,선박 구성 부분품 제조업,051-403-5100,051-403-6600,0,0,4,고무성형제품
445,제모스(주),부산광역시 영도구 해양로182번길 26 (청학동),부산광역시 영도구 청학동 1-214번지,선박 구성 부분품 제조업,055-731-1281,055-731-1282,,,2,철의장품
446,제이에스,부산광역시 영도구 남항서로 65-1(남항동3가),부산광역시 영도구 남항동3가 17-3,선박 구성 부분품 제조업,051-415-0066,051-415-0065,,,0,선박수리
447,제이에스인터내셔날(주),"부산광역시 영도구 해양로57번길 33, 302호(소봉빌딩) (청학동)",부산광역시 영도구 청학동 217-6번지 302호(소봉빌딩),합성수지선 건조업,051-462-4000,051-413-4002,,,3,선박(해상측량선)
448,제이에이치비(주),부산광역시 영도구 태종로 178-1(봉래동4가),부산광역시 영도구 봉래동4가 59-8,일반용 전기 조명장치 제조업,051-412-3734,,,,3,조명기구
449,제이엠테크,부산광역시 영도구 남항남로9번길 13 (남항동3가),부산광역시 영도구 남항동3가 21-11,선박 구성 부분품 제조업,,0504-253-0676,,,1,선박수리
450,제이원,부산광역시 영도구 해양로195번나길35(동삼동201-89),부산광역시 영도구 동삼동 201-89,기타 인쇄업,,,,,14,인쇄물
451,제일마린,부산광역시 영도구 대평로34번길 13 (대평동2가),부산광역시 영도구 대평동2가 205-5,선박 구성 부분품 제조업,051-417-2126,051-417-2127,,,2,"선박의장품, 밸브 등"
452,제일선박공업사,"부산광역시 영도구 남항서로70번길 55, 1층 (남항동3가)",부산광역시 영도구 남항동3가 67-2 1층,선박 구성 부분품 제조업,051-413-6291,,,,0,선박수리
453,제일씨엠(주),부산광역시 영도구 해양로123번길 23(청학동),부산광역시 영도구 청학동 1-131,기타 일반 기계 및 장비 수리업,051-415-0073,051-415-3384,,,8,선박 내부기계
454,제일에스와이씨 주식회사,부산광역시 영도구 해양로 121 (청학동),부산광역시 영도구 청학동 1-93,선박 구성 부분품 제조업,051-415-0073,051-415-3384,,,16,"선박건조 및 수리, 원양어선 설비"
455,제일엠텍(주),부산광역시 영도구 해양로123번길 23(청학동),부산광역시 영도구 청학동 1-131,금속탱크 및 저장용기 제조업 외 4 종,051-415-0073,051-415-3384,,,10,선박 내부기계
456,제일콘트롤,부산광역시 영도구 남항서로70번길 49 (남항동3가),부산광역시 영도구 남항동3가 72-2번지,선박 구성 부분품 제조업,051-412-9277,051-412-9278,,,0,선박부품(제어반)
457,조광전기통신공업사,부산광역시 영도구 남항서로82번길 31 (남항동2가),부산광역시 영도구 남항동2가 134-2번지,기타 무선 통신장비 제조업,051-413-1688,051-412-1323,0,0,7,선박무선용 통신방비
458,조내기고구마(주),부산광역시 영도구 웃서발로 78 (동삼동),부산광역시 영도구 동삼동 269-9번지,전분제품 및 당류 제조업,051-403-9996,051-404-4528,,,5,고구마 가공식품
459,조타코마린,부산광역시 영도구 해양로182번길 16 (청학동),부산광역시 영도구 청학동 1-218,선박 구성 부분품 제조업,070-8813-7987,0504-397-7987,,,2,선박 로프 해제 시스템
460,조흥포금공업사,부산광역시 영도구 남항서로70번길 6 (남항동3가),부산광역시 영도구 남항동3가 21-2번지,"기타 비철금속 제련, 정련 및 합금 제조업",051-416-0809,051-416-0860,0,0,5,각종비철금속
461,주성이엔지,부산광역시 영도구 태종로73번길 35-5 (봉래동1가),부산광역시 영도구 봉래동1가 44-1번지,선박 구성 부분품 제조업,051-415-6799,051-415-6796,,,3,엔진부품등
462,주식회사  배태랑기술,부산광역시 영도구 대평로19번길 20 (대평동1가),부산광역시 영도구 대평동1가 156-0,선박 구성 부분품 제조업,051-415-1583,051-415-1585,,,3,선박부품
463,주식회사 건창엔지니어링,부산광역시 영도구 해양로87번길 17 (청학동),부산광역시 영도구 청학동 217-102번지,선박 구성 부분품 제조업,051-412-4231,051-412-4232,,,4,선용품(펌프)
464,주식회사 그라소지그,"부산광역시 영도구 해양로135번길 16 (청학동, 그라소지그뱅크) 외 1필지",부산광역시 영도구 청학동 1-121번지 그라소지그뱅크 외 1필지,선박 구성 부분품 제조업,051-415-6767,,0,0,12,조선기자재
465,주식회사 나루하이텍,부산광역시 영도구 해양로195번가길 22 (동삼동),부산광역시 영도구 동삼동 201-64번지,선박 구성 부분품 제조업,051-714-5599,,,,8,선박부품
466,주식회사 나맛엠텍,"부산광역시 영도구 해양로195번나길 30, 나맛엠텍 (동삼동)",부산광역시 영도구 동삼동 201-103 나맛엠텍,선박 구성 부분품 제조업,051-413-1022,051-413-1110,,,8,선박 부품
467,주식회사 뉴월드마린,부산광역시 영도구 대평로6번길 7 (대평동1가),부산광역시 영도구 대평동1가 55번지,선박 구성 부분품 제조업,051-414-1000,,,,6,선박부품
468,주식회사 대성콤푸렛샤,"부산광역시 영도구 남항남로 38 (남항동3가, 대성선박) 외 1필지",부산광역시 영도구 남항동3가 141-91번지 대성선박 외 1필지,기체 펌프 및 압축기 제조업 외 1 종,051-412-7044,051-412-7048,2,,15,"선박기자재 가공, 펌프, 압축기"
469,주식회사 대한정밀공업사,부산광역시 영도구 대평로20번길 9 (대평동1가),부산광역시 영도구 대평동1가 1-4번지,선박 구성 부분품 제조업,051-413-1820,051-413-1821,,,4,선박부품(청정기)
470,주식회사 덕성해양개발,부산광역시 영도구 해양로 21 (청학동),부산광역시 영도구 청학동 330-102번지,교통 신호장치 제조업,051-414-8655,051-414-8656,,,3,등명기
471,주식회사 동유마린,부산광역시 영도구 해양로195번가길 20 (동삼동),부산광역시 영도구 동삼동 201-63번지,선박 구성 부분품 제조업,051-462-8892,,,,5,선박부품
472,주식회사 동화마린,부산광역시 영도구 남항서로70번길 7 (남항동3가),부산광역시 영도구 남항동3가 1-45번지,선박 구성 부분품 제조업,051-418-9100,,,,2,선박용부대철물
473,주식회사 디에스마린서비스,부산광역시 영도구 남항남로9번길 56 (남항동2가),부산광역시 영도구 남항동2가 92번지,선박 구성 부분품 제조업,051-418-7670,051-418-7671,,,3,선박부품
474,주식회사 디테크,부산광역시 영도구 해양로 22(청학동),부산광역시 영도구 청학동 326-6,전동기 및 발전기 제조업 외 2 종,051-413-8247,051-413-8247,,,11,선박수리
475,주식회사 로열푸드코리아,부산광역시 영도구 청학동 217-70번지,부산광역시 영도구 청학동 217-70번지,김치류 제조업 외 1 종,051-256-9858,051-257-9858,,,12,포장김치
476,주식회사 명성종합상사,부산광역시 영도구 해양로195번나길 32 (동삼동),부산광역시 영도구 동삼동 201-102,선박 구성 부분품 제조업,051-714-1546,,,,5,선박용 사다리
477,주식회사 명성종합상사,부산광역시 영도구 해양로195번나길 34 (동삼동),부산광역시 영도구 동삼동 201-114,선박 구성 부분품 제조업,051-714-1546,,,,5,선박용 마닐라 줄사다리
478,주식회사 바른솔루션,부산광역시 영도구 해양로65번길 16 (청학동),부산광역시 영도구 청학동 217-91,선박 구성 부분품 제조업,051-412-3366,051-412-3377,,,3,"선박구성부분품, 선박수리"
479,주식회사 부영마린,부산광역시 영도구 해양로79번길 30 (청학동),부산광역시 영도구 청학동 217-37번지,선박 구성 부분품 제조업,051-418-8983,051-418-8984,,,35,"선박수리,선용품,선박기기"
480,주식회사 비비마린 서비스,부산광역시 영도구 해양로 22 (청학동),부산광역시 영도구 청학동 326-6번지,선박 구성 부분품 제조업,051-412-1388,051-418-1389,,,2,기관부품
481,주식회사 비아이자이로,"부산광역시 영도구 남항서로 98, 3층 (남항동2가)",부산광역시 영도구 남항동2가 27-3 3층,선박 구성 부분품 제조업 외 1 종,051-715-1819,070-5222-2050,,,2,"선박수리, 항해통신장비 수리, 도소매"
482,주식회사 삼영기계,부산광역시 영도구 대평남로51번길 8-3 (대평동2가),부산광역시 영도구 대평동2가 11번지,선박 구성 부분품 제조업,051-412-3165,051-417-3165,0,0,7,선박부품
483,주식회사 성일하우징 제2공장,부산광역시 영도구 해양로135번길 10 (청학동),부산광역시 영도구 청학동 1-126,기타 석제품 제조업,051-417-7626,051-417-7627,,,2,인조대리석 가공품
484,주식회사 수도그룹,"부산광역시 영도구 태종로 160, 7층 (봉래동4가, 수도빌딩)",부산광역시 영도구 봉래동4가 116-3번지 수도빌딩 7층,그 외 기타 의료용 기기 제조업,051-416-1560,051-416-1582,0,0,18,레이저(의료기기)
485,주식회사 엠알씨,부산광역시 영도구 남항서로 6-19(남항동3가),부산광역시 영도구 남항동3가 141-132,유선 통신장비 제조업 외 4 종,051-414-7891,051-413-2604,0,0,33,선박구성부분품 제조업
486,주식회사 우리엠텍,부산광역시 영도구 남항남로 14(남항동3가),부산광역시 영도구 남항동3가 141-190,선박 구성 부분품 제조업 외 2 종,051-416-5225,051-416-5221,,,3,선박부품(선박수리)
487,주식회사 유케이엠에스,부산광역시 영도구 남항남로19번길 10 (남항동3가),부산광역시 영도구 남항동3가 74-1번지,기타 일반 기계 및 장비 수리업,051-418-9700,051-418-9900,1,1,9,선박부품
488,주식회사 이레정보통신기술,"부산광역시 영도구 해양로57번길 25, 202호(청학동)",부산광역시 영도구 청학동 217-121 202호,방송장비 제조업 외 2 종,,0502-260-1439,,,5,"방송장비, 영상/음향 재생기, 전시 및 광고용 조명장치"
489,주식회사 종합해사,부산광역시 영도구 남항남로 22 (남항동3가),부산광역시 영도구 남항동3가 141-150번지,선박 구성 부분품 제조업 외 12 종,051-413-7707,051-413-6007,,,46,"선박부품, 내연기관 부품, 강관, 육상 구조재, 수상 구조재, 목재 제조, 내연기관, 금속 위생용품, 유압기기, 배전반, 기타 물품 취급, 강선 건조, 선박 건조, 동력전달장치"
490,주식회사 창광엔지니어링,"부산광역시 영도구 해양로15번길 18, B동 (청학동, 아자엔지니어링)",부산광역시 영도구 청학동 330-9번지 아자엔지니어링 B동,선박 구성 부분품 제조업,051-416-3404,051-416-4777,,,7,선박부품
491,주식회사 칸토탈마린,부산광역시 영도구 해양로176번길 5(청학동),부산광역시 영도구 청학동 1-208,선박 구성 부분품 제조업,051-417-0815,0502-088-9988,,,5,선박수리
492,주식회사 태건종합,부산광역시 영도구 해양로182번길 18 (청학동),부산광역시 영도구 청학동 1-217,선박 구성 부분품 제조업,051-418-1239,051-413-1259,,,3,"선박수리, 선박구성부분품(윈치)"
493,주식회사 퍼시픽유니온엔지니어링,부산광역시 영도구 해양로195번가길 24 (동삼동),부산광역시 영도구 동삼동 201-65,선박 구성 부분품 제조업,,051-741-9882,,,2,선박부품
494,주식회사 포광기업,부산광역시 영도구 해양로 24-18 (청학동),부산광역시 영도구 청학동 326-16번지,선박 구성 부분품 제조업,051-988-7172,,,,6,"실린더 헤드, 밸브"
495,주식회사 피코,부산광역시 영도구 해양로182번길 15 (청학동),부산광역시 영도구 청학동 1-185번지,기타 선박 건조업 외 1 종,051-405-0706,051-405-5520,,,5,"해양용 무인선박 및 무인드론, 선박용 실험기자재"
496,주식회사 해신솔루션,"부산광역시 영도구 꿈나무길 251, 1층 (신선동3가)",부산광역시 영도구 신선동3가 126-3 1층,컴퓨터 제조업,051-244-8940,,,,5,"컴퓨터, 통신장비"
497,주식회사 형제,부산광역시 영도구 남항서로70번길 24 (남항동3가),부산광역시 영도구 남항동3가 29-1 번지,선박 구성 부분품 제조업,051-416-1782,051-412-5254,,,6,FLANGE
498,주식회사 화일통상,부산광역시 영도구 남항남로9번길 62 (남항동2가),부산광역시 영도구 남항동2가 89-2번지,선박 구성 부분품 제조업,051-412-6385,051-414-8752,,,6,선박부품(엔진등)
499,주식회사큐테크,부산광역시 영도구 절영로 503-3 (동삼동),부산광역시 영도구 동삼동 451-1번지,기타 주변기기 제조업,051-418-8677,051-418-8678,,,22,"컴퓨터관련 전자부품, 통신케이블"
500,주영상사,"부산광역시 영도구 봉래길 113, 지하1층 (봉래동5가, 봉산상가)",부산광역시 영도구 봉래동5가 140-1번지 봉산상가 지하1층,"근무복, 작업복 및 유사의복 제조업 외 2 종",051-412-9896,,,,0,"방염복, 산업안전복"
501,중앙냉열,부산광역시 영도구 해양로195번가길 30(동삼동),부산광역시 영도구 동삼동 201-67,선박 구성 부분품 제조업,051-416-5944,051-414-9548,,,2,"선박수리(에어컨,냉동,냉열기)"
502,중앙수중개발,"부산광역시 영도구 해양로 33-21 (청학동, 중앙수중개발)",부산광역시 영도구 청학동 330-121번지 중앙수중개발,선박 구성 부분품 제조업,051-442-4461,051-442-4462,,,6,선박구성부분품
503,지에스정밀,부산광역시 영도구 태종로50번길 19 (대교동1가),부산광역시 영도구 대교동1가 28-10번지,선박 구성 부분품 제조업,051-412-5714,051-412-5715,0,0,7,선박기관부품
504,지오엠텍,부산광역시 영도구 대평남로 29 (대평동1가),부산광역시 영도구 대평동1가 129-3번지,선박 구성 부분품 제조업,051-413-4363,051-413-4362,,,0,선박부품제조
505,진 엔지니어링,"부산광역시 영도구 남항서로 59(남항동3가, (주)범우엔지니어링)",부산광역시 영도구 남항동3가 24 (주)범우엔지니어링,선박 구성 부분품 제조업,051-414-5309,051-414-5308,,,1,선박구성품 선박수리
506,진성엔지니어링,"부산광역시 영도구 해양로 33-26 (청학동, 진성엔지니어링 공장)",부산광역시 영도구 청학동 330-139번지 진성엔지니어링 공장,선박 구성 부분품 제조업,051-415-0129,051-416-0129,,,3,리듀샤
507,진성엔텍,부산광역시 영도구 대평로28번길 12(대평동1가),부산광역시 영도구 대평동1가 23-3,선박 구성 부분품 제조업,051-413-4020,051-412-0580,,,3,선박수리
508,진아전기,부산광역시 영도구 태종로73번길 43 (봉래동1가),부산광역시 영도구 봉래동1가 38-1번지,선박 구성 부분품 제조업,051-413-1246,051-412-1955,0,0,1,"선박전기, 집어등, 안정기"
509,진양조선공업(주),"부산광역시 영도구 남항서로 59 (남항동3가, (주)범우엔지니어링)",부산광역시 영도구 남항동3가 24번지,강선 건조업 외 1 종,051-414-7771,051-414-7775,0,0,9,선박수리
510,진원이엔지,부산광역시 영도구 해양로 90 (청학동),부산광역시 영도구 청학동 12-37,선박 구성 부분품 제조업,,0504-017-5835,,,0,"선박 주기, 보기 수리, 교체, 가공, 테스트"
511,진일전기공업사,부산광역시 영도구 대평동1가 126번지,부산광역시 영도구 대평동1가 126번지,선박 구성 부분품 제조업,051-412-9393,051-418-2538,0,0,2,선박용 배전판
512,창해안전설비사,"부산광역시 영도구 해양로65번길 26-20(청학동, 청학동 해신물산)",부산광역시 영도구 청학동 217-147 청학동 해신물산,선박 구성 부분품 제조업,051-413-2312,051-413-8765,,,10,"선박용품(소방호스,노즐,구명부환,구명자켓)"
513,천수선박,부산광역시 영도구 남항서로70번길 59-4 (남항동3가),부산광역시 영도구 남항동3가 96-1번지,선박 구성 부분품 제조업,051-414-7080,051-414-7081,,,1,선박기관부품
514,천일금속공업사,"부산광역시 영도구 남항남로 8 (남항동3가, 도원공업사)",부산광역시 영도구 남항동3가 141-85번지,선박 구성 부분품 제조업 외 1 종,051-415-1632,051-413-6556,0,0,5,선박수리
515,철원공업사,"부산광역시 영도구 봉래나루로166번길 3, (건축물일부) (봉래동2가)",부산광역시 영도구 봉래동2가 145-3번지 (건축물일부),선박 구성 부분품 제조업,051-413-0545,051-413-0547,0,0,8,선박부품 제조
516,첨단엔지니어링,부산광역시 영도구 남항남로19번길 47 (남항동2가),부산광역시 영도구 남항동2가 155-2번지,산업용 냉장 및 냉동 장비 제조업 외 2 종,051-418-6981,051-417-6982,,,2,에어컨 수리
517,청송공업사,부산광역시 영도구 해양로111번길 32 (청학동),부산광역시 영도구 청학동 1-37번지,선박 구성 부분품 제조업,051-413-4814,051-416-4016,0,0,4,프레스가공품
518,청재메탈베아링,부산광역시 영도구 해양로 33-14 (청학동),부산광역시 영도구 청학동 330-136번지,선박 구성 부분품 제조업,051-412-7882,051-412-7883,,,4,선박베어링
519,충무전기공업사,부산광역시 영도구 대교동1가 62번지,부산광역시 영도구 대교동1가 62번지,선박 구성 부분품 제조업 외 2 종,051-416-7009,051-412-4796,0,0,15,"선박전기기기 및 수리, 선박 구성 부분품 수리, 제조, 선박전기기기 및 수리"
520,칸토탈마린,부산광역시 영도구 해양로176번길 5(청학동),부산광역시 영도구 청학동 1-208,선박 구성 부분품 제조업,051-417-0815,0502-088-9988,,,4,선박수리
521,커피디스커버리,부산광역시 영도구 하나길 807 (청학동),부산광역시 영도구 청학동 386-198번지,커피 가공업,051-851-7082,051-417-7082,,,7,원두커피
522,케이기어,부산광역시 영도구 남항남로 22 (남항동3가),부산광역시 영도구 남항동3가 141-150번지,선박 구성 부분품 제조업 외 4 종,051-714-2261,051-714-2585,,,2,선박 구성 부품제작 등
523,케이씨전기,부산광역시 영도구 해양로79번길 24(청학동),부산광역시 영도구 청학동 217-158,선박 구성 부분품 제조업,051-415-1208,,,,8,선박전기설비수리 및 판넬 제작
524,케이엠이(KME),"부산광역시 영도구 해양로123번길 7 (청학동, 코리아마린엔지니어링)",부산광역시 영도구 청학동 1-94번지 코리아마린엔지니어링,"레이더, 항행용 무선기기 및 측량기구 제조업",051-413-6599,051-412-6599,,,7,항해통신장비
525,케이엠티써브마린 주식회사,부산광역시 영도구 해양로135번길 10 (청학동),부산광역시 영도구 청학동 1-126번지,선박 구성 부분품 제조업,051-418-7666,051-413-1230,,,4,잠수함용 장비류(제관)
526,케이제이,부산광역시 영도구 대평로28번길 12 (대평동1가),부산광역시 영도구 대평동1가 23-3,선박 구성 부분품 제조업 외 24 종,051-415-6769,051-415-6719,,,0,"강, 강, 강, 강, 강, 강, 강, 강, 강, 강, 강, 강, 강, 강, 강, 강, 강, 강, 강, 강, 강, 강, 강, 강, 강"
527,코스타,부산광역시 영도구 해양로 69 (청학동),부산광역시 영도구 청학동 217-92번지,기타 일반 기계 및 장비 수리업,051-414-5551,051-414-5552,,,1,선박용 부품 및 기자재
528,킴테크,부산광역시 영도구 해양로188번길 16 (청학동),부산광역시 영도구 청학동 1-190,선박 구성 부분품 제조업 외 3 종,051-417-9316,051-404-9317,,,3,"선박부품, 일반기계 및 장비 수리업, 선박기관, 선박수리"
529,탑마린엔지니어링앤드서비스(주),부산광역시 영도구 해양로65번길 12 (청학동),부산광역시 영도구 청학동 217-144번지,선박 구성 부분품 제조업,051-415-0877,051-415-0705,,,4,"밸브, 볼트, 커버"
530,태건기업사,"부산광역시 영도구 남항남로9번길 15, (일부) (남항동3가)",부산광역시 영도구 남항동3가 21-1번지,선박 구성 부분품 제조업,051-413-0246,051-413-6824,0,0,3,선박의장품(Shackle)
531,태광전기공업사,부산광역시 영도구 남항서로82번길 54-1 (남항동3가) 외 1필지,부산광역시 영도구 남항동3가 62-4 번지 외 1필지,배전반 및 전기 자동제어반 제조업,051-415-0229,051-413-0254,,,2,전기판넬
532,태림이엔지,부산광역시 영도구 해양로 24-11 (청학동),부산광역시 영도구 청학동 322-12,선박 구성 부분품 제조업,051-415-0305,051-415-0605,,,4,"선박파이프제작, 의장품제작"
533,태성선박,부산광역시 영도구 남항서로82번길 23 (남항동2가),부산광역시 영도구 남항동2가 111-2번지,선박 구성 부분품 제조업,051-417-8028,051-413-3687,,,4,선박엔진수리등
534,태승엔지니어링,부산광역시 영도구 남항서로 12-10 (남항동3가),부산광역시 영도구 남항동3가 141-120번지,선박 구성 부분품 제조업,051-412-0493,051-415-2185,0,0,3,선박용 케이싱
535,태양전공,부산광역시 영도구 대평북로 49 (대평동2가),부산광역시 영도구 대평동2가 127-6 번지 127-6,배전반 및 전기 자동제어반 제조업 외 4 종,051-416-9956,051-415-0067,,,5,"배전반 제작, 판넬"
536,태언기전,"부산광역시 영도구 남항서로 6-10 (남항동3가, 태언기전공장)",부산광역시 영도구 남항동3가 141-196번지,선박 구성 부분품 제조업,051-413-6454,051-415-5533,0,0,2,"특수모터, 일반모터 수리"
537,태영엔지니어링,부산광역시 영도구 대평남로 56 (대평동2가),부산광역시 영도구 대평동2가 65-2번지,선박 구성 부분품 제조업,051-414-2827,051-414-2829,,,3,선박수리 및 선박부품 제작
538,태원엔지니어링,부산광역시 영도구 해양로 69 (청학동),부산광역시 영도구 청학동 217-92번지,선박 구성 부분품 제조업,051-418-8885,051-418-8886,,,1,선박부품
539,태인종합상사,부산광역시 영도구 청학동 217-107번지 외 1필지,부산광역시 영도구 청학동 217-107번지 외 1필지,금속선 가공제품 제조업,051-415-1194,051-415-1191,,,4,와이어로프슬링
540,태진선박공업사,부산광역시 영도구 대평로28번길 7 (대평동1가),부산광역시 영도구 대평동1가 39번지,선박 구성 부분품 제조업,051-418-2883,051-418-2884,,,2,선박부품
541,태화냉동,"부산광역시 영도구 남항서로82번길 29-13(남항동2가, 태화냉동설비)",부산광역시 영도구 남항동2가 111 태화냉동설비,선박 구성 부분품 제조업,051-415-3077,051-415-3078,,,2,선박수리(냉동기유니트)
542,토탈마린주식회사,부산광역시 영도구 해양로 61 (청학동),부산광역시 영도구 청학동 217-78번지,철강선 제조업,051-413-9787,051-413-9788,2,,10,와이어로프
543,토탈서비스 주식회사,부산광역시 영도구 해양로 22(청학동),부산광역시 영도구 청학동 326-6,기타 일반 기계 및 장비 수리업,055-311-477,055-311-1311,,,1,선박수리(선박내연기관)
544,티.엔.에스(T.N.S),"부산광역시 영도구 태종로 289, A동 2층 (청학동)",부산광역시 영도구 청학동 322-9번지,그 외 기타 달리 분류되지 않은 제품 제조업 외 2 종,051-743-2272,051-743-5602,,,2,"광고물 부착 방지물, 간판"
545,티와이선박,부산광역시 영도구 대평북로 49 (대평동2가),부산광역시 영도구 대평동2가 127-6,배전반 및 전기 자동제어반 제조업 외 4 종,051-412-9957,051-416-9906,,,3,"배전반, 엔진부품, 모터수리"
546,티제이전기산업,부산광역시 영도구 태종로89번길 41(봉래동2가),부산광역시 영도구 봉래동2가 95-2,선박 구성 부분품 제조업,,051-418-9368,,,2,선박수리(전기)
547,파인테크,부산광역시 영도구 해양로 69 (청학동),부산광역시 영도구 청학동 217-92번지,선박 구성 부분품 제조업,051-246-2153,051-246-2150,,,4,선박부품
548,퍼시픽워터,"부산광역시 영도구 해양로 90, 1층(청학동)",부산광역시 영도구 청학동 12-37 1층,선박 구성 부분품 제조업,051-412-7062,,,,2,선박구성부분품
549,평화엔지니어링 주식회사,부산광역시 영도구 대평남로31번길 21 (대평동1가),부산광역시 영도구 대평동1가 157-20번지,선박 구성 부분품 제조업,051-418-6080,051-418-6082,,,3,선박부품
550,풍산마린기전,"부산광역시 영도구 남항서로82번길 29-13, 3층(남항동2가, 태화냉동설비)",부산광역시 영도구 남항동2가 111 태화냉동설비 3층,선박 구성 부분품 제조업,051-417-8466,051-417-8468,,,1,선박전기 수리 및 제작
551,프로엠 주식회사,부산광역시 영도구 해양로 33-9 (청학동),부산광역시 영도구 청학동 330-145번지,선박 구성 부분품 제조업,051-418-1782,051-418-1783,,,4,선박엔진등
552,하나기전,부산광역시 영도구 대평로6번길 10-4 (남항동1가),부산광역시 영도구 남항동1가 28-2번지,유압기기 제조업,051-415-1210,051-415-1211,,,2,전기유압제품
553,하이머신,부산광역시 영도구 남항서로92번길 26 (남항동2가),부산광역시 영도구 남항동2가 119번지,선박 구성 부분품 제조업,051-418-1213,051-418-1218,,,4,선박수리 및 산업용 펌프 수리
554,하이씨텍 주식회사,부산광역시 영도구 해양로 121 (청학동),부산광역시 영도구 청학동 1-93번지,내연기관 제조업,051-417-5588,051-417-5509,,,8,선박용 엔진 및 발전기
555,하이원텍 주식회사,"부산광역시 영도구 해양로 121 (청학동, 유진선박의장)",부산광역시 영도구 청학동 1-93 번지,선박 구성 부분품 제조업,051-415-0073,051-415-3384,,,5,선박의장품 제조
556,한국메탈기계(주),부산광역시 영도구 남항남로9번길 11 (남항동3가) 외 1필지,부산광역시 영도구 남항동3가 21-5번지 외 1필지,구름베어링 제조업 외 1 종,051-417-7008,051-416-3142,0,0,25,메탈베어링
557,한국선등공업사,부산광역시 영도구 대교로 34-6 (봉래동2가),부산광역시 영도구 봉래동2가 98-6번지,선박 구성 부분품 제조업,051-414-9255,051-414-9256,0,0,2,항해등
558,한국선박공업사,부산광역시 영도구 해양로87번길 14 (청학동),부산광역시 영도구 청학동 217-165번지,선박 구성 부분품 제조업,051-412-5341,051-412-5340,,,3,선박부품
559,한국컴포짓 주식회사,부산광역시 영도구 해양로57번길 17 (청학동) 한국컴포짓주식회사 공장,부산광역시 영도구 청학동 217-124 한국컴포짓주식회사 공장,오락 및 스포츠용 보트 건조업,051-704-4778,,0,0,10,오락 및 스포츠용 보트
560,한국해양바이오클러스터 주식회사,"부산광역시 영도구 태종로 727, 한국해양대 해양산업연구동(아산관) 동삼동 (동삼동)",부산광역시 영도구 동삼동 1번지 한국해양대 해양산업연구동(아산관) 동삼동,그 외 기타 분류 안된 화학제품 제조업 외 2 종,051-405-1228,,,,2,냄세제거용 제품
561,한라시스템,부산광역시 영도구 대평로 37-3 (대평동2가),부산광역시 영도구 대평동2가 36-15번지,선박 구성 부분품 제조업,051-416-7626,051-416-7627,0,0,4,선박엔진수리
562,한비마린테크,부산광역시 영도구 대평남로 6-7 (대평동1가),부산광역시 영도구 대평동1가 79번지,선박 구성 부분품 제조업,051-416-9205,051-416-9206,,,2,선박부품
563,한성냉동엔지니어링,부산광역시 영도구 대평로27번길 23 (대평동1가),부산광역시 영도구 대평동1가 128-13번지,산업용 냉장 및 냉동 장비 제조업,051-413-9712,051-413-9887,0,0,3,냉동기부품
564,한성선박공업사,부산광역시 영도구 대평로19번길 20 (대평동1가),부산광역시 영도구 대평동1가 148-0번지,선박 구성 부분품 제조업,051-414-7792,051-414-7791,0,0,3,선박기관 수리
565,한스오토메이션,부산광역시 영도구 동삼동 1번지 해양대학교 S319호,부산광역시 영도구 동삼동 1번지 해양대학교 S319호,유압기기 제조업,051-410-4894,051-403-1333,0,0,3,"센서내장형 유압실린더, 각종 콘트롤러"
566,한신전자(주),부산광역시 영도구 남항남로 45 (영선동4가) 외 1필지,부산광역시 영도구 영선동4가 34번지 외 1필지,유선 통신장비 제조업 외 2 종,051-412-5551,051-412-6660,0,0,63,"선박용교환기,무전기제조"
567,한영기업(주),부산광역시 영도구 해양로 206 (동삼동) 외 1필지,부산광역시 영도구 동삼동 201-26번지 외 1필지,선박 구성 부분품 제조업 외 2 종,051-403-4787,051-404-1952,1,1,50,"해상구난장비, 산업용 가스"
568,한일광학,부산광역시 영도구 청학남로59번길 32 (청학동),부산광역시 영도구 청학동 55-10번지,안경 및 안경렌즈 제조업,,,0,0,1,안경테 제조
569,한일종합해사,부산광역시 영도구 남항서로 4 (남항동3가),부산광역시 영도구 남항동3가 141-204,선박 구성 부분품 제조업 외 1 종,051-417-0008,051-413-0044,,,3,"선박 기관용 터보차져 부속품, 일반 터보차져 부속품"
570,한진상사,"부산광역시 영도구 태종로50번길 39, 외 1필지 (대교동1가)",부산광역시 영도구 대교동1가 76-2번지 외 1필지,선박 구성 부분품 제조업,051-416-1866,051-416-0500,0,0,3,고무박킹
571,한진종합산업(주),부산광역시 영도구 해양로 63 (청학동),부산광역시 영도구 청학동 217-81번지,철강선 제조업 외 1 종,051-418-5421,051-418-5423,,,6,와이어슬링
572,한진종합서비스,부산광역시 영도구 남항서로70번길 30 (남항동3가),부산광역시 영도구 남항동3가 29-179번지,선박 구성 부분품 제조업,051-417-2692,051-417-4016,,,4,선박엔진등
573,한진항해전기,부산광역시 영도구 대평로 25-1 (대평동1가),부산광역시 영도구 대평동1가 100-5번지,"레이더, 항행용 무선기기 및 측량기구 제조업 외 1 종",051-418-3078,051-418-3161,0,0,2,"항해계기, 배전반"
574,한진화학,부산광역시 영도구 일산봉로37번길 17 (청학동),부산광역시 영도구 청학동 84-44번지,그 외 기타 플라스틱 제품 제조업 외 1 종,051-417-6448,051-416-6597,,,3,플라스틱 LED제품
575,항도유압기계,부산광역시 영도구 대평남로 26 (대평동1가),부산광역시 영도구 대평동1가 113-11번지,선박 구성 부분품 제조업,051-412-6124,051-415-6124,,,2,선박부품
576,해강테크,"부산광역시 영도구 산업로 23 (청학동, 일신빌딩)",부산광역시 영도구 청학동 3-29번지 일신빌딩,선박 구성 부분품 제조업,,,,,2,선박구성부분품
577,해광터보,부산광역시 영도구 남항남로19번길 62 (남항동2가),부산광역시 영도구 남항동2가 149-1번지,선박 구성 부분품 제조업,051-418-8392,051-416-8310,,,1,"터빈, 선박수리"
578,해광토탈,부산광역시 영도구 해양로182번길 16 (청학동),부산광역시 영도구 청학동 1-218번지,선박 구성 부분품 제조업,,051-414-1413,,,3,선박부품
579,해동마린써비스 주식회사,부산광역시 영도구 대평로53번길 6 (대평동2가),부산광역시 영도구 대평동2가 89-21번지,강선 건조업 외 1 종,051-418-2062,051-418-4062,0,0,11,실린더라이너 부속품제조
580,해동정공,부산광역시 영도구 대평남로 36 (대평동2가),부산광역시 영도구 대평동2가 28-3번지,선박 구성 부분품 제조업 외 2 종,051-412-3054,051-415-5020,,,3,"터빈케이싱, 쿨러커버등"
581,해동종합 주식회사,부산광역시 영도구 해양로 186 (청학동),부산광역시 영도구 청학동 1-183번지,금속선 가공제품 제조업,051-415-2452,051-415-1455,,,8,선박용 와이어 제품
582,해상유압,"부산광역시 영도구 대평로 36-1, 1층 (대평동2가)",부산광역시 영도구 대평동2가 171번지,선박 구성 부분품 제조업,051-416-1556,051-415-1556,0,0,3,선박 윈치류
583,해성공업사,부산광역시 영도구 남항서로70번길 24 (남항동3가),부산광역시 영도구 남항동3가 29-1번지,선박 구성 부분품 제조업,051-417-4657,051-413-2121,0,0,6,"제조업, 선구용품, 선박구성부분품"
584,해성전기공업사,부산광역시 영도구 대평로45번길 7 (대평동2가),부산광역시 영도구 대평동2가 57-7번지,선박 구성 부분품 제조업,051-412-4795,051-415-3927,0,0,5,선박구성부분품
585,해양전기,"부산광역시 영도구 대평로19번길 12, 대동아파트 110호 111호 (대평동1가)",부산광역시 영도구 대평동1가 119번지,선박 구성 부분품 제조업,051-415-0352,051-412-0715,0,0,1,선박 수리
586,해일산업,부산광역시 영도구 산업로 15 (청학동),부산광역시 영도구 청학동 5-20번지,선박 구성 부분품 제조업,051-418-6263,051-418-6264,,,3,선박용 노즐
587,해종엔지니어링,부산광역시 영도구 남항남로19번길 2 (남항동3가),부산광역시 영도구 남항동3가 74번지,기타 일반 기계 및 장비 수리업,051-415-1641,051-415-1641,,,0,"선박부품,선박수리"
588,해주마린엔진,부산광역시 영도구 대평남로 38 (대평동2가),부산광역시 영도구 대평동2가 28-4번지,선박 구성 부분품 제조업,051-417-9955,051-417-9956,,,1,선박부품
589,해천전기공업사,부산광역시 영도구 남항서로70번길 49 (남항동3가),부산광역시 영도구 남항동3가 72-2번지,선박 구성 부분품 제조업,051-415-4368,051-415-4358,,,1,선박부품
590,행한선박ENG,부산광역시 영도구 봉래나루로 184 (봉래동2가),부산광역시 영도구 봉래동2가 145-8,선박 구성 부분품 제조업,,051-417-3659,,,2,선박부품
591,현광전기 주식회사,부산광역시 영도구 남항서로70번길 8 (남항동3가),부산광역시 영도구 남항동3가 21-10번지,"전기회로 개폐, 보호장치 제조업 외 1 종",051-412-0334,051-412-0486,,,5,"선박부품, 판넬제작"
592,현광전기산업,부산광역시 영도구 해양로 33-50 (청학동),부산광역시 영도구 청학동 330-120번지,배전반 및 전기 자동제어반 제조업,051-415-6246,051-415-6247,,,0,선박배전등
593,현금전자산업,부산광역시 영도구 대평로34번길 5-17 (대평동2가),부산광역시 영도구 대평동2가 165-1번지,기타 무선 통신장비 제조업,051-416-4244,051-416-4664,0,0,5,청류기
594,현대종합상사,"부산광역시 영도구 해양로195번길 30 (동삼동, 현대종합)",부산광역시 영도구 동삼동 201-41번지,선박 구성 부분품 제조업,051-414-9542,051-414-9380,4,0,19,선박의장품
595,협력공업사,부산광역시 영도구 대평로27번길 21 (대평동1가),부산광역시 영도구 대평동1가 128-4번지,그 외 기타 금속가공업,051-413-0276,,,,1,선박기관부품
596,협성기업,부산광역시 영도구 남항서로 76-4 (남항동3가),부산광역시 영도구 남항동3가 1-25,선박 구성 부분품 제조업,,051-415-4269,,,2,선박 목가공품
597,협진공업사,"부산광역시 영도구 해양로195번길 66 (동삼동, 협진공업사)",부산광역시 영도구 동삼동 201-39번지,선박 구성 부분품 제조업,051-0405-6249,051-405-6248,0,0,4,선박의장품
598,형제엔지니어링,부산광역시 영도구 해양로 33-28 (청학동),부산광역시 영도구 청학동 330-140번지,선박 구성 부분품 제조업,051-415-0616,,,,3,기관제작 외
599,혜인선박공업사,부산광역시 영도구 대평남로51번길 8-5 (대평동2가),부산광역시 영도구 대평동2가 11번지,강선 건조업 외 2 종,051-418-1988,051-416-6174,,,6,"강선건조, 선박수리"
600,호건실업,"부산광역시 영도구 와치로 163, 1층 (동삼동)",부산광역시 영도구 동삼동 225-13번지 1층,어망 및 기타 끈 가공품 제조업,051-417-4875,051-417-4876,0,0,5,"골프망,어망"
601,홍진시스콘,"부산광역시 영도구 대평로 16, 제1동 제24호 (대평동1가, 대동대교맨션아파트)",부산광역시 영도구 대평동1가 1번지 대동대교맨션아파트 제1동 제24호,선박 구성 부분품 제조업,051-417-8933,051-626-8777,,,2,"전기, 전자수리(PCB)"
602,화성테크,"부산광역시 영도구 해양로195번길 68(동삼동, 씨티에스)",부산광역시 영도구 동삼동 201-40 씨티에스,선박 구성 부분품 제조업,051-414-4851,051-414-4850,,,1,"선박수리, 유압기계"
603,화진전기공업사,부산광역시 영도구 대평남로 42-1 (대평동2가) (총 2 필지) 외 1필지,부산광역시 영도구 대평동2가 38-15번지 외 1필지,선박 구성 부분품 제조업,051-416-7272,051-415-1023,0,0,1,배전반외 전기품목
604,휘광전기,부산광역시 영도구 절영로94번길 4 (남항동3가),부산광역시 영도구 남항동3가 112-5,선박 구성 부분품 제조업,051-412-6227,051-412-6228,,,1,선박부품(전기) 제작 및 수리
605,흥일기업,"부산광역시 영도구 대평남로31번길 21, 1층 (대평동1가)",부산광역시 영도구 대평동1가 157-20 1층,선박 구성 부분품 제조업 외 1 종,051-416-9797,051-413-9799,,,1,선박수리 및 내연기관
