회사명,대표자명,담당자연락처,팩스번호,종업원수,업종명,생산품,공장대표주소(도로명),공장대표주소(지번),기준일자
(사)한국지체장애인협회춘천시장애인근로사업장,박유찬,033-250-4051,033-242-3520,49,문구용 종이제품 제조업 외 2 종,"신문용지, 복사용지, 화장지, 보건용 마스크",강원특별자치도 춘천시 신북읍 아침못길 145 (신북읍),강원특별자치도 춘천시 신북읍 산천리 1번지,2025-02-06
(신)챔프가구산업,이용광,033-250-4051,033-262-4449,5,주방용 및 음식점용 목재가구 제조업 외 1 종,"주방가구, 사무용가구",강원특별자치도 춘천시 신동면 모오리길 32-13,강원특별자치도 춘천시 신동면 팔미리 121-1번지,2025-02-06
(유)춘천참마당,박현규,033-250-4225,,3,그 외 기타 식료품 제조업,엿,강원특별자치도 춘천시 남산면 김유정로 200-354,강원특별자치도 춘천시 남산면 광판리 496-2번지,2025-02-06
(주)ES산전,조형석,033-250-3361,041-415-1001,5,그 외 기타 의료용 기기 제조업,X-선 파노라마,"강원특별자치도 춘천시 삭주로145번길 69-14, (주)ES산전 (후평동, 벤처비지니스 살롱)",강원특별자치도 춘천시 후평동 198-25번지,2025-02-06
(주)강원브이아이피시스템,김도경,033-250-4051,,8,배전반 및 전기 자동제어반 제조업 외 1 종,PLC 외,강원특별자치도 춘천시 동내면 동내로 141,강원특별자치도 춘천시 동내면 신촌리 488-7번지,2025-02-06
(주)강원사랑,신영애,033-250-3361,033-244-5054,4,건설용 석제품 제조업 외 1 종,석제품,강원특별자치도 춘천시 사북면 춘화로 679,강원특별자치도 춘천시 사북면 고성리 332번지,2025-02-06
(주)강철이엔씨,김수연,033-250-4051,,5,간판 및 광고물 제조업 외 4 종,"금속표지판 및 관련 금속제품, 간판, 명패",강원특별자치도 춘천시 퇴계공단길 64(퇴계동),강원특별자치도 춘천시 퇴계동 865-8,2025-02-06
(주)건우,김성진,033-250-4051,033-255-1132,19,셔츠 및 블라우스 제조업 외 6 종,의류,강원특별자치도 춘천시 춘천로 245 (효자동),강원특별자치도 춘천시 효자동 756-4번지,2025-02-06
(주)경진이앤씨,조경덕,033-250-4051,033-241-2944,6,"금속 문, 창, 셔터 및 관련제품 제조업 외 1 종","금속제창, 금속구조물",강원특별자치도 춘천시 신동로 45 (신동),강원특별자치도 춘천시 신동 30-1번지,2025-02-06
(주)공신미트,박순행,033-250-4051,033-252-6575,5,육류 포장육 및 냉동육 가공업 (가금류 제외) 외 1 종,축산물,"강원특별자치도 춘천시 우묵들길 36, 1층 (퇴계동)",강원특별자치도 춘천시 퇴계동 1138-6번지 1층,2025-02-06
(주)교성,차국열,033-250-4051,033-256-7650,8,간판 및 광고물 제조업 외 6 종,"간판,현수막,상패",강원특별자치도 춘천시 동면 춘천순환로 387,강원특별자치도 춘천시 동면 만천리 549-2번지,2025-02-06
(주)국보이엔씨,김영범,033-250-4225,033-242-2578,4,플라스틱 창호 제조업 외 1 종,창호,강원특별자치도 춘천시 동면 공단로70번길 20-10,강원특별자치도 춘천시 동면 장학리 850-3번지,2025-02-06
(주)글로벌강원무역 제2공장,한상운,033-250-4225,033-255-7553,3,기타 가정용 전기기기 제조업,미용기기,"강원특별자치도 춘천시 효제길 33, 지하1층 (효자동, 문구나라)",강원특별자치도 춘천시 효자동 158-8번지 문구나라 지하1층,2025-02-06
(주)금강철강,김윤중,033-250-4051,,8,플라스틱 창호 제조업,프라스틱창호,강원특별자치도 춘천시 동내면 외솔길 36,강원특별자치도 춘천시 동내면 거두리 860-0번지,2025-02-06
(주)나노코리아,이찬우,033-250-4225,031-384-0450,11,무기안료용 금속 산화물 및 관련 제품 제조업,광촉매제,강원특별자치도 춘천시 동내면 동내로 213,강원특별자치도 춘천시 동내면 고은리 489-16번지,2025-02-06
(주)나노통신기술,김한용,033-250-4225,033-257-5414,12,방송장비 제조업 외 2 종,CCTV,강원특별자치도 춘천시 동면 소양강로 398,강원특별자치도 춘천시 동면 장학리 425-3번지,2025-02-06
(주)네이처앤드피플,김찬중,033-250-4225,050-4082-0731,2,장식용 목제품 제조업,"우든펜, 명패 외","강원특별자치도 춘천시 향교앞길 8, 1층 (교동, 강원유리)",강원특별자치도 춘천시 교동 85-2번지 강원유리 1층,2025-02-06
(주)네이처앤드피플,김찬중,033-250-4051,050-7086-1669,20,경 인쇄업 외 1 종,인쇄물,"강원특별자치도 춘천시 금강로83번길 26, 2층 (조양동)",강원특별자치도 춘천시 조양동 6-86번지 2층,2025-02-06
(주)녹색산업,이호문,033-250-4225,033-261-9380,3,"콘크리트 타일, 기와, 벽돌 및 블록 제조업",콘크리트블록,강원특별자치도 춘천시 남산면 동촌로 77-21,강원특별자치도 춘천시 남산면 광판리 755번지,2025-02-06
(주)녹색산업,이호문,033-250-4051,033-261-9380,4,"콘크리트 타일, 기와, 벽돌 및 블록 제조업 외 1 종",콘크리트 블록,강원특별자치도 춘천시 남산면 동촌로 77-13,강원특별자치도 춘천시 남산면 광판리 754-1번지,2025-02-06
(주)농업 회사법인 하루에한모,김재훈,033-250-4051,033-257-5033,10,두부 및 유사식품 제조업,콩가공식품,강원특별자치도 춘천시 동면 지내리 944번지 외 1필지,강원특별자치도 춘천시 동면 지내리 944번지 외 1필지,2025-02-06
(주)뉴엠,강성민,033-250-4051,,2,인형 및 장난감 제조업,인체모형 교보재,"강원특별자치도 춘천시 강원대학길 1, 보듬관 1001호(효자동, 강원대학교)",강원특별자치도 춘천시 효자동 192-1 강원대학교 보듬관 1001호,2025-02-06
(주)늘봄식품,장성훈,033-250-4051,033-263-8484,4,육류 포장육 및 냉동육 가공업 (가금류 제외) 외 1 종,"포장육, 양념육",강원특별자치도 춘천시 공단로 49(후평동),강원특별자치도 춘천시 후평동 244-2,2025-02-06
(주)닥터엠,전정민,033-250-4051,0504-051-0190,6,기타 비알코올 음료 제조업,기타 비알콜음료,강원특별자치도 춘천시 동면 가락재로 173-11,강원특별자치도 춘천시 동면 감정리 286,2025-02-06
(주)단천옥,심경미,033-250-4051,033-253-9696,6,화장품 제조업 외 1 종,"한방 화장품,건강보조식품",강원특별자치도 춘천시 동면 춘천순환로 865,강원특별자치도 춘천시 동면 장학리 477번지,2025-02-06
(주)대한기업,박호택,033-250-4051,033-244-4970,8,금속선 가공제품 제조업 외 3 종,사무용가구,강원특별자치도 춘천시 사북면 도장골길 41-3,강원특별자치도 춘천시 사북면 고성리 563,2025-02-06
(주)대한보훈산업 춘천공장,김창수,033-250-3361,033-244-4970,5,구조용 금속 판제품 및 공작물 제조업 외 1 종,"돌망태,휀스",강원특별자치도 춘천시 사북면 도장골길 41-5,강원특별자치도 춘천시 사북면 고성리 563번지,2025-02-06
(주)더 케이엘,김규일,033-250-4225,033-251-5374,3,구조용 금속 판제품 및 공작물 제조업,흡연부스,강원특별자치도 춘천시 만천로239번길 7 (후평동),강원특별자치도 춘천시 후평동 751-18번지,2025-02-06
(주)동광산업,변명식,033-250-4225,033-242-8707,4,배합 사료 제조업 외 1 종,사료,강원특별자치도 춘천시 동면 하일길 151-1,강원특별자치도 춘천시 동면 장학리 708-1번지,2025-02-06
(주)드림테크,임진섭,033-250-4051,,11,유선 통신장비 제조업 외 5 종,CCTV,강원특별자치도 춘천시 동내면 대룡산길 8,강원특별자치도 춘천시 동내면 사암리 1219-1번지,2025-02-06
(주)디에스라이트,김단,033-250-4225,033-256-3379,4,일반용 전기 조명장치 제조업,조명기구,강원특별자치도 춘천시 동내면 거두길 150,강원특별자치도 춘천시 동내면 거두리 464-2번지,2025-02-06
(주)라이프투게더,송운서,,033-243-4780,40,화장품 제조업,화장품(팩류),"강원특별자치도 춘천시 약사고개길 29 (약사동, 보성건강원)",강원특별자치도 춘천시 약사동 40-2번지,2025-02-06
(주)라파데오,호성숙,033-250-4225,,14,그 외 기타 식료품 제조업,광선삼,강원특별자치도 춘천시 신동면 김유정로 1391,강원특별자치도 춘천시 신동면 증리 369-1번지,2025-02-06
(주)리뉴텍,김태훈,033-250-4051,033-264-1369,0,스타킹 및 기타 양말 제조업,양말,강원특별자치도 춘천시 동내면 대룡산길 227-51,강원특별자치도 춘천시 동내면 사암리 169-2,2025-02-06
(주)메디안디노스틱,오진식,033-250-4225,,16,의료용품 및 기타 의약 관련제품 제조업 외 2 종,동물 진단용 의약품,강원특별자치도 춘천시 동내면 순환대로 878,강원특별자치도 춘천시 동내면 거두리 509-1번지,2025-02-06
(주)메디언스,박상재,033-250-4225,033-258-6259,10,그 외 기타 의료용 기기 제조업 외 2 종,심부체강창상 피복제,"강원특별자치도 춘천시 신북읍 신북로 61-20, 102, 203-1호 (춘천벤처공장)","강원특별자치도 춘천시 신북읍 율문리 941번지 춘천벤처공장 102, 203-1호",2025-02-06
(주)바른,김한수,033-250-4225,033-241-1690,2,기타 식품 첨가물 제조업,효소소금,"강원특별자치도 춘천시 춘주로147번길 11-1, 지하1층 (퇴계동, 기쁜장로교회)",강원특별자치도 춘천시 퇴계동 904-2번지 기쁜장로교회 지하1층,2025-02-06
(주)바이오메트릭스테크놀로지,김태선,033-250-4225,033-258-6099,6,의료용품 및 기타 의약 관련제품 제조업,진단용 유전자칩,"강원특별자치도 춘천시 신북읍 신북로 61-14, 강원테크노파크 벤처처2공장 102호",강원특별자치도 춘천시 신북읍 율문리 942번지 강원테크노파크 벤처처2공장 102호,2025-02-06
(주)바이오메트릭테크놀로지,김태선,033-250-4225,033-258-6099,6,의료용품 및 기타 의약 관련제품 제조업,"진단용 유전자칩, 의료기기",강원특별자치도 춘천시 신북읍 율문리 942 춘천벤처2공장 102호,강원특별자치도 춘천시 신북읍 율문리 942 춘천벤처2공장 102호,2025-02-06
(주)바이오피드,정낙범,033-250-4225,02-548-5744,3,생물학적 제제 제조업,화장품 원료,"강원특별자치도 춘천시 소양강로 32, 바이오2동 101, 105호 (후평동)","강원특별자치도 춘천시 후평동 198-53번지 바이오2동 101, 105호",2025-02-06
(주)백만,손성희,033-250-4051,033-264-4003,5,그 외 기타 분류 안된 비금속 광물제품 제조업 외 4 종,미끄럼방지포장재,강원특별자치도 춘천시 동면 순환대로 1047,강원특별자치도 춘천시 동면 만천리 255-3번지,2025-02-06
(주)베스트원코리아,박봉수,033-250-4225,050-5300-4499,9,기타 운동 및 경기용구 제조업,"셔튿콕, 그립","강원특별자치도 춘천시 동내면 거두택지길4번길 23-12, 1층",강원특별자치도 춘천시 동내면 거두리 978-6번지 1층,2025-02-06
(주)본네이처,최  경,033-250-3361,033-252-5174,10,"점토 벽돌, 블록 및 유사 비내화 요업제품 제조업 외 1 종",친환경건축내외장재,강원특별자치도 춘천시 남산면 동촌로 18-1,강원특별자치도 춘천시 남산면 광판리 775 번지,2025-02-06
(주)비룡씨에이치씨,박광구,033-250-4051,033-261-9489,21,"금속 문, 창, 셔터 및 관련제품 제조업",샷시,"강원특별자치도 춘천시 동산면 논골길 17-24, 733-1",강원특별자치도 춘천시 동산면 원창리 732-1번지,2025-02-06
(주)비비텍,최중선,033-250-4051,033-252-7228,3,"사진기, 영사기 및 관련 장비 제조업 ",영상스크린,강원특별자치도 춘천시 동내면 동내로 183-14,강원특별자치도 춘천시 동내면 신촌리 328-6번지,2025-02-06
(주)비에스엘,박천정,033-250-4051,033-243-8385,16,정형외과용 및 신체보정용 기기 제조업 외 1 종,"보청기, 음성증폭기","강원특별자치도 춘천시 신북로 61-14, 104호(춘천테크노파크 춘천벤처2공장) (신북읍)",강원특별자치도 춘천시 신북읍 율문리 942번지 104호(춘천테크노파크 춘천벤처2공장),2025-02-06
(주)비엔씨테크,정현수,033-250-4051,033-263-0778,9,전기경보 및 신호장치 제조업,비상경보기,강원특별자치도 춘천시 동내면 너부래길 19-38,강원특별자치도 춘천시 동내면 고은리 241번지,2025-02-06
(주)산천제지,박광구,033-250-3361,033-261-1130,12,문구용 종이제품 제조업 외 1 종,"복사지,화장지",강원특별자치도 춘천시 동산면 논골길 17-24,강원특별자치도 춘천시 동산면 원창리 732-1 번지,2025-02-06
(주)새론,조현미,033-250-4225,,5,컴퓨터 제조업,컴퓨터,"강원특별자치도 춘천시 경춘로 2269, 2층 (온의동)",강원특별자치도 춘천시 온의동 297번지 2층,2025-02-06
(주)서정,이학서,033-250-4225,033-261-4545,3,"금속 문, 창, 셔터 및 관련제품 제조업 외 3 종","복층유리,알류미늄 창호",강원특별자치도 춘천시 동내면 학곡동2길 10-1,강원특별자치도 춘천시 동내면 학곡리 359-10번지,2025-02-06
(주)선진뉴텍,변금희,033-250-4225,,5,일반철물 제조업 외 2 종,"농자재,LED,도로표지판",강원특별자치도 춘천시 신샘밭로 178 (신동),강원특별자치도 춘천시 신동 1233번지,2025-02-06
(주)세바바이오텍,임혜원,033-250-3361,,4,화장품 제조업,"화장품, 화장품원료","강원특별자치도 춘천시 소양강로 40, 1-405,406,408(후평동,하이테크벤처타운) (후평동, (재)강원정보영상진흥원)","강원특별자치도 춘천시 후평동 198-53번지 (재)강원정보영상진흥원 1-405,406,408(후평동,하이테크벤처타운)",2025-02-06
(주)소양강푸드,이우형,033-250-4225,,3,빵류 제조업,빵,"강원특별자치도 춘천시 신북읍 신북로 260, 가동 1층",강원특별자치도 춘천시 신북읍 산천리 343-1번지 가동 1층,2025-02-06
(주)소양강푸드시스템,정재웅,033-250-4225,033-241-8884,9,육류 기타 가공 및 저장처리업 (가금류 제외) 외 1 종,축산물,강원특별자치도 춘천시 사우4길 12 (우두동),강원특별자치도 춘천시 우두동 765-9번지,2025-02-06
(주)소프트하우스코리아,이성일,033-250-4225,,10,경 인쇄업,인쇄물,"강원특별자치도 춘천시 동면 소양강로 76, 2층",강원특별자치도 춘천시 동면 장학리 791-151번지 2층,2025-02-06
(주)수앤그린테크,심규문,033-250-4051,033-263-0698,3,그 외 기타 플라스틱 제품 제조업,수생식물 재배용기,강원특별자치도 춘천시 공지로 98 (석사동),강원특별자치도 춘천시 석사동 292-1,2025-02-06
(주)순수,최순헌,033-250-3431,033-257-9593,6,가금류 가공 및 저장 처리업 외 1 종,치킨까스,강원특별자치도 춘천시 남산면 종자리로 17,강원특별자치도 춘천시 남산면 광판리 126-2번지,2025-02-06
(주)신일창호,염철림,033-250-4225,033-256-6204,2,플라스틱 창호 제조업,하이샤시,강원특별자치도 춘천시 공지로 561 (근화동),강원특별자치도 춘천시 근화동 548-5번지,2025-02-06
(주)신한,박영식,033-250-4225,033-241-6460,6,차류 가공업,차류,강원특별자치도 춘천시 신북읍 신샘밭로 505-5,강원특별자치도 춘천시 신북읍 율문리 28-3번지,2025-02-06
(주)씨스퀘어,이영수,033-250-4225,033-242-0770,3,그 외 기타 의료용 기기 제조업,변색시험지,"강원특별자치도 춘천시 신북읍 신북로 61-14, 강원테크노파크 벤처2공장 203호",강원특별자치도 춘천시 신북읍 율문리 942번지 강원테크노파크 벤처2공장 203호,2025-02-06
(주)아뜰리에포노마드,김형철,033-250-4051,0303-3130-9304,3,기타 목재가구 제조업,목재가구,강원특별자치도 춘천시 서면 덕두원길 108-27,강원특별자치도 춘천시 서면 덕두원리 251-4,2025-02-06
(주)아이비스퀘어,우은영,033-250-4051,033-262-7277,3,경 인쇄업 외 1 종,인쇄물,"강원특별자치도 춘천시 춘천로 188, 메가씨티 521.522호 (효자동)",강원특별자치도 춘천시 효자동 654-3번지 메가씨티 521.522호,2025-02-06
(주)아이엠바이오,안재목,033-250-4225,,3,그 외 기타 의료용 기기 제조업,의료기기,"강원특별자치도 춘천시 영서로 2317, 305호 (온의동, 럭키아파트)",강원특별자치도 춘천시 온의동 510번지 럭키아파트 305호,2025-02-06
(주)아이오테드,김성섭,033-250-4051,033-818-9445,2,그 외 기타 전자부품 제조업 외 1 종,"교육용 인공지능 스피커, 로봇(교구)","강원특별자치도 춘천시 공지로 240, 3층(효자동)",강원특별자치도 춘천시 효자동 287-5 3층,2025-02-06
(주)아이제이,박종민,033-250-4225,033-163-7876,8,일반 제재업,"판재, 각재",강원특별자치도 춘천시 서면 당숲안길 35,강원특별자치도 춘천시 서면 당림리 403-17번지,2025-02-06
(주)알파브레인,하성미,033-250-3361,,4,그 외 기타 플라스틱 제품 제조업,멀티넘버링,"강원특별자치도 춘천시 영서로 3133 (신동, (주)한국지형정보시스템)",강원특별자치도 춘천시 신동 903-8번지,2025-02-06
(주)에아가이아,김선구,033-250-4051,033-261-0703,10,그 외 기타 고무제품 제조업,이동식탄두회수장치,강원특별자치도 춘천시 동내면 점말1길 78-30,강원특별자치도 춘천시 동내면 사암리 920번지,2025-02-06
(주)에이원테크,강주상,033-250-4051,033-242-7883,8,산업용 가스 제조업,산업용가스,강원특별자치도 춘천시 신북읍 배후령길 215,강원특별자치도 춘천시 신북읍 유포리 산 18-5번지,2025-02-06
(주)에코드림농업회사법인,용석호,033-250-4225,050-5924-7979,4,생물학적 제제 제조업 외 5 종,"4종복합비료,미량요서복합비료",강원특별자치도 춘천시 신북읍 배후령길 81-10,강원특별자치도 춘천시 신북읍 천전리 312-1번지,2025-02-06
(주)에코드림농업회사법인,용석호,033-250-4051,0505-924-7979,3,배합 사료 제조업 외 5 종,비료 및 보조사료,"강원특별자치도 춘천시 강원대학길 1, 친환경농업연구센터 (효자동)",강원특별자치도 춘천시 효자동 192-1번지 강원대학교 친환경농업연구센터,2025-02-06
(주)에코시스템,최승찬,033-250-4225,033-242-1335,0,농업 및 임업용 기계 제조업,이유자돈액상급이시스템,강원특별자치도 춘천시 신북읍 배후령길 60-3,강원특별자치도 춘천시 신북읍 천전리 163번지,2025-02-06
(주)엘에스엘 시스템즈,이기섭,033-250-3361,02-6670-2388,3,그 외 기타 의료용 기기 제조업 외 3 종,열화상카메라,"강원특별자치도 춘천시 한림대학길 1 (옥천동, 한림대학교)",강원특별자치도 춘천시 옥천동 1-1번지 한림대학교,2025-02-06
(주)예건플랜,박찬우,033-250-4051,033-264-1658,3,비내화 모르타르 제조업,비내화 모르타르,강원특별자치도 춘천시 동면 춘천순환로 340-12 1층1호,강원특별자치도 춘천시 동면 만천리 524-34 1층1호,2025-02-06
(주)예담,최원정,033-250-4225,033-263-0074,0,커피 가공업,원두커피,"강원특별자치도 춘천시 우석로 22, 1층 (석사동)",강원특별자치도 춘천시 석사동 771-4번지 1층,2025-02-06
(주)예맥식품,강대숙,033-250-4051,033-263-4681,4,도시락류 제조업 외 1 종,도시락,"강원특별자치도 춘천시 송암길 17-8 (송암동, 꽃피는산골)",강원특별자치도 춘천시 송암동 205-2번지,2025-02-06
(주)용두애브컴,엄성철,033-250-3431,,12,전기경보 및 신호장치 제조업 외 3 종,"방송장비, 볼라드, 도로표지병, 경관조명",강원특별자치도 춘천시 동내면 순환대로 878-1,강원특별자치도 춘천시 동내면 거두리 497-18,2025-02-06
(주)우드랑,전재원,033-250-3361,033-255-1563,2,기타 목재가구 제조업,조립식원목가벽,"강원특별자치도 춘천시 강원대학길 1, 아산관408-1 (효자동)",강원특별자치도 춘천시 효자동 192-1번지 강원대학교 아산관408-1,2025-02-06
(주)우드앤씨티,이혜정,033-250-4051,033-253-6902,1,그 외 기타 나무제품 제조업 외 1 종,"교구, 장남감 외","강원특별자치도 춘천시 강원대학길 1, 보듬관 702호 (효자동)",강원특별자치도 춘천시 효자동 192-1번지 보듬관 702호,2025-02-06
(주)유덕산업,이문현,033-250-4051,033-255-8804,6,레미콘 제조업,레미콘,강원특별자치도 춘천시 남산면 추곡고개길 341,강원특별자치도 춘천시 남산면 수동리 611번지,2025-02-06
(주)유시티,김남갑,033-250-3361,,2,비내화 모르타르 제조업,미끄럼방지포장재,"강원특별자치도 춘천시 강원대학길 1, 강원대학교 공대6호관 116호 (효자동)",강원특별자치도 춘천시 효자동 192-1번지 강원대학교 공대6호관 116호,2025-02-06
(주)이수,김옥주,033-250-4225,033-257-4230,6,"금속 문, 창, 셔터 및 관련제품 제조업 외 8 종","가드레일, 철구조물",강원특별자치도 춘천시 동내면 거두길 184-22,강원특별자치도 춘천시 동내면 거두리 505-1번지,2025-02-06
(주)일흥제재소,오흥이,033-250-3361,033-261-1009,5,일반 제재업,"제재목(판재, 각재)",강원특별자치도 춘천시 신동면 한치로 799,강원특별자치도 춘천시 신동면 팔미리 562-5번지,2025-02-06
(주)정인그린빌,박성환,033-250-4225,033-261-0017,0,그 외 기타 나무제품 제조업,조경시설물,"강원특별자치도 춘천시 강원대학길 1 (효자동, 강원대학교) 청정산업신기술지원센터 707호(보듬관)",강원특별자치도 춘천시 효자동 192-1 청정산업신기술지원센터 707호(보듬관),2025-02-06
(주)제이에너지,김재운,033-250-3361,070-7159-2486,1,그 외 기타 전기장비 제조업,발전설비 부품,"강원특별자치도 춘천시 강원대학길 1, 아산관 408-2 (효자동)",강원특별자치도 춘천시 효자동 192-1번지 강원대학교 아산관 408-2,2025-02-06
(주)제이에이치햄프푸드,전성환,033-250-4225,033-263-3234,4,기타 곡물 가공품 제조업,대마환,강원특별자치도 춘천시 신동면 정족1길 22-26,강원특별자치도 춘천시 신동면 정족리 787번지,2025-02-06
(주)제이투,신연미,033-250-4225,033-264-6372,4,유선 통신장비 제조업 외 1 종,영상감시장치,강원특별자치도 춘천시 동내면 고은길 117,강원특별자치도 춘천시 동내면 고은리 311-9번지,2025-02-06
(주)지아이티,김택훈,033-250-3361,050-5844-6644,12,방송장비 제조업,"SMD ASS'Y, 모듈, S/W","강원특별자치도 춘천시 동내면 외솔길19번길 80-10, 4층",강원특별자치도 춘천시 동내면 거두리 1060번지,2025-02-06
(주)지엘에스에너지,주현진,033-250-4051,033-244-7765,7,전동기 및 발전기 제조업,전동기 및 발전기,강원특별자치도 춘천시 동내면 순환대로 758-1,강원특별자치도 춘천시 동내면 고은리 546-8번지,2025-02-06
(주)진성이디씨,홍성걸,033-250-4225,033-252-0586,5,교통 신호장치 제조업,보행자 감지기,"강원특별자치도 춘천시 춘천로 419, 3층 (후평동)",강원특별자치도 춘천시 후평동 157-31번지 3층,2025-02-06
(주)진양기업,이충수,033-250-3088,,9,아스팔트 콘크리트 및 혼합제품 제조업,아스콘,강원특별자치도 춘천시 남산면 둔일길 49-5,강원특별자치도 춘천시 남산면 창촌리 285번지,2025-02-06
(주)창성철강,최인순,033-250-4051,033-263-8236,20,기타 구조용 금속제품 제조업,M-BEAM구조체,강원특별자치도 춘천시 동내면 고은길 71,강원특별자치도 춘천시 동내면 고은리 330-4번지,2025-02-06
(주)창조이엔지,남궁탁,033-250-4225,033-263-2236,20,전시 및 광고용 조명장치 제조업,LED 조명장치,강원특별자치도 춘천시 동내면 학곡리 산 50-2번지,강원특별자치도 춘천시 동내면 학곡리 산 50-2번지,2025-02-06
(주)케이디사이언스,임강준,033-250-3361,070-8620-8688,21,"체조, 육상 및 체력단련용 장비 제조업 외 1 종",운동기구,강원특별자치도 춘천시 남면 가정리 377번지,강원특별자치도 춘천시 남면 가정리 377번지,2025-02-06
(주)코리원,박은애,033-250-4225,033-251-4747,5,표면처리 및 적층 직물 제조업,식생매트,강원특별자치도 춘천시 신동면 정족1길 36,강원특별자치도 춘천시 신동면 정족리 366-9번지,2025-02-06
(주)코빈즈커피,김재용,033-250-4225,,4,커피 가공업,원두커피,강원특별자치도 춘천시 동면 노루목길 8-24,강원특별자치도 춘천시 동면 장학리 42-10번지,2025-02-06
(주)클린그린,채선홍,033-250-4051,050-5182-5588,2,화장품 제조업,화장품,"강원특별자치도 춘천시 후석로462번길 90, 2층 (후평동)",강원특별자치도 춘천시 후평동 159-4번지 2층,2025-02-06
(주)태승엔바텍,정만섭,033-250-4051,02-904-8383,5,설치용 및 위생용 플라스틱제품 제조업 외 4 종,이동식화장실,강원특별자치도 춘천시 옥산포길 40-4 (사농동),강원특별자치도 춘천시 사농동 222-1 번지,2025-02-06
(주)태영이엔지,성연정,033-250-4225,,4,방송장비 제조업 외 2 종,방송장비,"강원특별자치도 춘천시 외솔길19번길 11, 2층 (석사동, 꿈나래유·아동전문교육기관)",강원특별자치도 춘천시 석사동 108-1번지 꿈나래유·아동전문교육기관 2층,2025-02-06
(주)티앤커피,주 찬,033-250-4051,02-2164-3656,6,그 외 기타 종이 및 판지 제품 제조업,티백용 테그지 접착 필터,강원특별자치도 춘천시 동내면 금촌로 84-79,강원특별자치도 춘천시 동내면 신촌리 46-26번지,2025-02-06
(주)티이오커뮤니케이션,김태은,033-250-4225,033-241-5992,4,그 외 기타 분류 안된 금속 가공 제품 제조업 외 2 종,조형물,"강원특별자치도 춘천시 서부대성로47번길 10, 4층 (요선동)",강원특별자치도 춘천시 요선동 2-8번지 4층,2025-02-06
(주)파이프퀸,정경인,033-250-4051,033-261-1063,2,그 외 기타 금속가공업 외 3 종,그루브파이프,강원특별자치도 춘천시 남산면 김유정로 197-4,강원특별자치도 춘천시 남산면 광판리 465번지,2025-02-06
(주)폴리스타,김희수,,,6,생물학적 제제 제조업,"pmo, pmo-psb","강원특별자치도 춘천시 소양강로 40 (후평동, (재)강원정보영상진흥원)",강원특별자치도 춘천시 후평동 198-53번지,2025-02-06
(주)폴제페토,김태원,033-250-4051,050-4091-7101,6,기타 악기 제조업 외 1 종,악기,"강원특별자치도 춘천시 남면 한덕발산길 49-15, 1층",강원특별자치도 춘천시 남면 한덕리 436-6번지 1층,2025-02-06
(주)푸드원,이희관,033-250-3361,033-253-9484,9,육류 기타 가공 및 저장처리업 (가금류 제외) 외 1 종,포장육,강원특별자치도 춘천시 동면 춘천순환로 833,강원특별자치도 춘천시 동면 장학리 613-4번지,2025-02-06
(주)플러스,이영훈,033-250-4225,,2,기타 조명장치 제조업 외 2 종,작업등,"강원특별자치도 춘천시 신북읍 신북로 61-20, 203-2(강원테크노파크) (춘천벤처공장)",강원특별자치도 춘천시 신북읍 율문리 941번지 춘천벤처공장 203-2(강원테크노파크),2025-02-06
(주)피앤아이휴먼코리아 춘천지점,홍봉창,033-250-4225,02-6426-3124,4,액체 여과기 제조업,초기우수처리시설,강원특별자치도 춘천시 동면 가래울길 41,강원특별자치도 춘천시 동면 장학리 486-2번지,2025-02-06
(주)한국푸드시스템,김동수,033-250-4051,033-244-7171,22,육류 포장육 및 냉동육 가공업 (가금류 제외),"돼지고기포장육, 쇠고기포장육",강원특별자치도 춘천시 동면 만천로 68 (한국푸드시스템(주)),강원특별자치도 춘천시 동면 만천리 619-1번지 한국푸드시스템(주),2025-02-06
(주)한성정보시스템,한정희,033-250-4051,033-257-4137,13,기억장치 제조업 외 1 종,하드디스크 어레이,"강원특별자치도 춘천시 동면 도토골길 23, 202호",강원특별자치도 춘천시 동면 만천리 413-2번지 202호,2025-02-06
(주)한일디에프,정순화,033-250-4051,033-262-6542,3,주방용 및 음식점용 목재가구 제조업 외 3 종,"사물함, 캐비닛, 신발장, 장롱, 건축물패널 등",강원특별자치도 춘천시 신북읍 문정3길 29,강원특별자치도 춘천시 신북읍 유포리 945-1,2025-02-06
(주)현진,김준수,033-250-4225,033-253-2769,53,육류 도축업(가금류 제외) 외 1 종,가금도축,강원특별자치도 춘천시 동면 만천양지길 147,강원특별자치도 춘천시 동면 만천리 330-34번지,2025-02-06
(주)현진,김옥성,033-250-4051,033-253-2769,53,육류 도축업(가금류 제외) 외 1 종,"가금도축, 닭고기",강원특별자치도 춘천시 동면 만천양지길 147,강원특별자치도 춘천시 동면 만천리 330-34번지,2025-02-06
(주)황태종가식품,안영숙,033-250-4051,033-244-6355,5,"수산동물 훈제, 조리 및 유사 조제식품 제조업","황태양념구이, 해장국",강원특별자치도 춘천시 동내면 사암길 16,강원특별자치도 춘천시 동내면 학곡리 71-3번지,2025-02-06
(주)휴안,김용주,033-250-4051,,5,자전거 및 환자용 차량 제조업,자전거 안장,강원특별자치도 춘천시 동내면 순환대로 878-3,강원특별자치도 춘천시 동내면 거두리 497-14번지,2025-02-06
(합)동양아이텍,고광만,033-250-4225,033-257-8113,47,유선 통신장비 제조업 외 2 종,CCTV 외,강원특별자치도 춘천시 동면 장학리 502-2번지,강원특별자치도 춘천시 동면 장학리 502-2번지,2025-02-06
(합)영서공업사,정진수,033-250-3361,033-255-4400,20,건설 및 채광용 기계장비 제조업,건설기계 정비,강원특별자치도 춘천시 당간지주길6번길 5 (근화동),강원특별자치도 춘천시 근화동 786-1번지,2025-02-06
(합)우림건설,조동호,033-250-4051,033-252-4363,1,일반용 도료 및 관련제품 제조업,방수재(도료),강원특별자치도 춘천시 서부대성로 129-1 (운교동),강원특별자치도 춘천시 운교동 191-4,2025-02-06
KNU TRADING,장영덕,033-250-4051,,1,플라스틱 접착처리 제품 제조업 외 1 종,BLAKEEP(사생활보호액정필름),"강원특별자치도 춘천시 강원대학길 1, 공학대학 6호관 105 (효자동, 강원대학교)",강원특별자치도 춘천시 효자동 192-1번지 강원대학교 공학대학 6호관 105,2025-02-06
S.H 잣공장,이순희,033-250-4225,,5,기타 과실ㆍ채소 가공 및 저장 처리업,잣 가공품,강원특별자치도 춘천시 동산면 군자리 산 13번지,강원특별자치도 춘천시 동산면 군자리 산 13번지,2025-02-06
S.H잣공장,이순희,033-250-4225,,5,기타 과실ㆍ채소 가공 및 저장 처리업,잣가공픔,강원특별자치도 춘천시 동산면 군자리 산 13번지,강원특별자치도 춘천시 동산면 군자리 산 13번지,2025-02-06
가구마을SDP,권영기,033-250-4051,3030-133-8812,2,소파 및 기타 내장가구 제조업 외 1 종,"씽크대, 사무용가구, 소파",강원특별자치도 춘천시 솟발1길 4 (퇴계동),강원특별자치도 춘천시 퇴계동 489-3번지,2025-02-06
가람ENG,이상진,033-250-4225,033-242-5303,27,배전반 및 전기 자동제어반 제조업,자동제어 장치,강원특별자치도 춘천시 동면 가산로 58-27,강원특별자치도 춘천시 동면 지내리 169번지,2025-02-06
가람이엔지 주식회사,이상진,033-250-4051,033-242-5303,43,전동기 및 발전기 제조업 외 5 종,태양광발전장치,강원특별자치도 춘천시 동면 가산로 58-29,강원특별자치도 춘천시 동면 지내리 169-18,2025-02-06
강원도농업기술원농산물이용시험장,김경희,,033-243-1850,5,기타 과실ㆍ채소 가공 및 저장 처리업 외 5 종,농산물가공식품,강원특별자치도 춘천시 신북읍 신북로 386-2,강원특별자치도 춘천시 신북읍 산천리 727번지,2025-02-06
강원레미콘(주),윤보섭,033-250-4051,033-262-9998,21,레미콘 제조업,레미콘,강원특별자치도 춘천시 동산면 원무동길 51 (강원레미콘),강원특별자치도 춘천시 동산면 봉명리 1007번지,2025-02-06
강원아스콘(주),"한경섭, 윤보섭",033-250-4051,033-264-3117,7,아스팔트 콘크리트 및 혼합제품 제조업,아스콘,강원특별자치도 춘천시 동산면 종자리로 515,강원특별자치도 춘천시 동산면 군자리 728-4,2025-02-06
강원에코테크 주식회사,백형희,033-250-4051,,0,일반용 전기 조명장치 제조업,주거용 LED 실내조명등,"강원특별자치도 춘천시 신북읍 용산길 127, 나동 2호",강원특별자치도 춘천시 신북읍 용산리 492 나동 2호,2025-02-06
강원제재소(주),유재근,033-250-3361,033-263-3713,9,일반 제재업,목재,강원특별자치도 춘천시 신동면 경춘로 1962,강원특별자치도 춘천시 신동면 팔미리 29번지,2025-02-06
강원출판사,김은한,033-250-3361,033-257-2321,9,기타 인쇄물 출판업,"인쇄, 출판","강원특별자치도 춘천시 서부대성로48번길 16 (요선동, 강원출판사)",강원특별자치도 춘천시 요선동 14-2번지,2025-02-06
건설금속,박응용,033-250-3361,050-2264-9964,7,"금속 문, 창, 셔터 및 관련제품 제조업",도어,강원특별자치도 춘천시 서면 율장길 193,강원특별자치도 춘천시 서면 안보리 371번지,2025-02-06
고향할머니 한과,권선자,033-250-4225,,2,과자류 및 코코아 제품 제조업,한과,강원특별자치도 춘천시 동내면 거두길 184-99,강원특별자치도 춘천시 동내면 거두리 329-14번지,2025-02-06
광덕식품,장효창,033-250-4051,,8,가금류 가공 및 저장 처리업,닭갈비,강원특별자치도 춘천시 동면 건일길 61,강원특별자치도 춘천시 동면 장학리 183번지,2025-02-06
그린파워,박승광,033-250-3361,033-246-7762,9,기타 전기 변환장치 제조업 외 4 종,"누전/배선차단기,의료기기 부품",강원특별자치도 춘천시 동면 도토골길 19,강원특별자치도 춘천시 동면 만천리 413-4번지,2025-02-06
난지아스콘(주),김재명,033-250-4225,033-263-6309,8,아스팔트 콘크리트 및 혼합제품 제조업,아스콘,강원특별자치도 춘천시 동산면 종자리로 418,강원특별자치도 춘천시 동산면 군자리 719-1번지,2025-02-06
농업회사법인 (주)그린친환경,최준하,033-250-4225,033-263-0661,60,기타 과실ㆍ채소 가공 및 저장 처리업,전처리농산물,강원특별자치도 춘천시 동내면 학곡리 64번지 외 2필지,강원특별자치도 춘천시 동내면 학곡리 64번지 외 2필지,2025-02-06
농업회사법인 밭 주식회사,이미소,,033-252-9533,6,빵류 제조업,강원도 옥수수빵,"강원특별자치도 춘천시 후석로462번길 90, 1층(후평동)",강원특별자치도 춘천시 후평동 159-4 1층,2025-02-06
농업회사법인 주식회사 원앤원푸드,장정순,033-250-3431,033-264-8201,2,식물성 유지 제조업,"참기름, 들기름",강원특별자치도 춘천시 동내면 향군길 35,강원특별자치도 춘천시 동내면 신촌리 403-23,2025-02-06
농업회사법인(주)만천,장민재,033-250-4051,0504-091-7000,35,육류 기타 가공 및 저장처리업 (가금류 제외) 외 1 종,"탕수육, 동그랑땡, 돈까스, 가라이게",,강원특별자치도 춘천시 동면 만천리 495-3 외 1필지,2025-02-06
농업회사법인(주)매일봄,최용기,033-250-4051,033-254-5699,2,떡류 제조업,"감자 옹심이, 감자떡",강원특별자치도 춘천시 신북읍 신북로 289,강원특별자치도 춘천시 신북읍 산천리 326-1,2025-02-06
농업회사법인강원양봉(주),서원달,033-250-4225,,10,차류 가공업,차류,강원특별자치도 춘천시 신동면 한치로 669,강원특별자치도 춘천시 신동면 혈동리 550-6번지,2025-02-06
농업회사법인주식회사베이크팜,김범주,033-250-4051,033-910-0143,2,빵류 제조업 외 1 종,"빵류, 쿠키류 ",강원특별자치도 춘천시 스무숲3길 41-1 (석사동),강원특별자치도 춘천시 석사동 966-11,2025-02-06
농업회사법인주식회사시루와떡메,최찬화,033-250-4051,,10,떡류 제조업,떡류,강원특별자치도 춘천시 후평동 293-3,강원특별자치도 춘천시 후평동 293-3,2025-02-06
늘푸른식품,최용기,033-250-3361,,7,차류 가공업 외 1 종,"뽕잎제품,만두피","강원특별자치도 춘천시 동광길 1 (후평동, 봄내골식당 엄마손만두 감자떡)",강원특별자치도 춘천시 후평동 745-27번지,2025-02-06
다그로(주),이기운,033-250-4051,033-243-2258,5,가금류 가공 및 저장 처리업,닭갈비,"강원특별자치도 춘천시 효자문길 26, 1층 (효자동)",강원특별자치도 춘천시 효자동 661-11번지 1층,2025-02-06
다몬전기조명(주),박승광,033-250-4051,,9,"전기회로 개폐, 보호장치 제조업 외 1 종",누전차단기,강원특별자치도 춘천시 동면 도토골길 19,강원특별자치도 춘천시 동면 만천리 413-4번지,2025-02-06
다미그린물탱크,장영각,033-250-4225,,3,금속 캔 및 기타 포장용기 제조업 외 1 종,"물탱크(SMC,FRP)",강원특별자치도 춘천시 동면 소당골길 80,강원특별자치도 춘천시 동면 만천리 388-8번지,2025-02-06
다인,김동희외 1,033-250-4225,,4,간판 및 광고물 제조업,간판,강원특별자치도 춘천시 동면 금베이길 76,강원특별자치도 춘천시 동면 만천리 127번지,2025-02-06
대관령식품,김영석,033-250-4051,033-261-8992,8,김치류 제조업 외 1 종,단무지,강원특별자치도 춘천시 남산면 방곡리 290-2번지 291번지,강원특별자치도 춘천시 남산면 방곡리 290-2번지 291번지,2025-02-06
대광기전,전옥자,033-250-4051,033-262-3852,4,전기경보 및 신호장치 제조업 외 1 종,"교통신호제어기, 경보제어기",강원특별자치도 춘천시 동내면 고은길 144,강원특별자치도 춘천시 동내면 고은리 313-5,2025-02-06
대양프리컴,인길환,033-250-4051,033-257-7730,4,기타 인쇄업 외 1 종,인쇄물,"강원특별자치도 춘천시 삭주로 160 (후평동, 카라24시 헬스하우스)",강원특별자치도 춘천시 후평동 720-10번지,2025-02-06
대영기획,이진호,033-250-4051,0504-098-8453,0,기타 인쇄업,인쇄물,강원특별자치도 춘천시 행촌로 60-1 (퇴계동),강원특별자치도 춘천시 퇴계동 900,2025-02-06
대일광업(주),김음분,033-250-3361,033-242-4612,3,코르크 및 조물제품 제조업 외 1 종,"옥매트, 의료보조기",강원특별자치도 춘천시 동면 금옥길 228,강원특별자치도 춘천시 동면 월곡리 241번지,2025-02-06
대일생활건강 주식회사,김현식,033-250-4051,033-242-4612,10,기타 비알코올 음료 제조업,음료(옥산가),"강원특별자치도 춘천시 동면 금옥길 136-9, 대일광업(주)음료공장",강원특별자치도 춘천시 동면 월곡리 525번지,2025-02-06
대진목재,배진형,033-250-4051,0303-3442-4118,6,일반 제재업 외 2 종,"가설재, 토류판",강원특별자치도 춘천시 동산면 원무동길 160,강원특별자치도 춘천시 동산면 봉명리 803-2번지,2025-02-06
더퍼니쳐,"공동대표(성수학, 이동진)",033-250-4051,050-5251-3000,2,주방용 및 음식점용 목재가구 제조업 외 1 종,목재가구,"강원특별자치도 춘천시 신동면 정족3길 20-42, A동",강원특별자치도 춘천시 신동면 정족리 145번지 A동,2025-02-06
덕원산업(주),김형민,033-250-4051,033-263-2010,13,레미콘 제조업 외 1 종,레미콘,강원특별자치도 춘천시 남산면 김유정로 491-34,강원특별자치도 춘천시 남산면 광판리 307번지,2025-02-06
동명산업,변길주,033-250-3361,,5,구조용 금속 판제품 및 공작물 제조업 외 1 종,금속구조물,"강원특별자치도 춘천시 김유정로 1798 (퇴계동, 동명공업사)",강원특별자치도 춘천시 퇴계동 483-4번지,2025-02-06
동방라이트,김혜정,033-250-4225,033-241-3700,3,기타 조명장치 제조업 외 2 종,LED조명,강원특별자치도 춘천시 춘천순환로 840 (동면) 1층,강원특별자치도 춘천시 동면 장학리 614-6 1층,2025-02-06
동산콘크리트(주),남효순,033-250-4051,033-263-7760,13,"콘크리트 타일, 기와, 벽돌 및 블록 제조업 외 2 종","벽돌, 블럭, 플륨관",강원특별자치도 춘천시 동산면 종자리로 515 (삼성레미콘),강원특별자치도 춘천시 동산면 군자리 728-4번지,2025-02-06
동서레미콘(주),"이충선,이충수",033-250-3361,,13,레미콘 제조업,레미콘,강원특별자치도 춘천시 신동면 김유정로 791,강원특별자치도 춘천시 신동면 혈동리 219-1번지,2025-02-06
동서아스콘(주),김복순,033-250-3088,,9,아스팔트 콘크리트 및 혼합제품 제조업,아스콘,강원특별자치도 춘천시 신동면 김유정로 805,강원특별자치도 춘천시 신동면 혈동리 218-1번지,2025-02-06
동서진흥(주),김복순,033-250-4051,,19,레미콘 제조업,레미콘,강원특별자치도 춘천시 남산면 둔일길 49-5,강원특별자치도 춘천시 남산면 창촌리 285번지,2025-02-06
동진표지판,이옥자,033-250-4225,,3,간판 및 광고물 제조업 외 2 종,간판,강원특별자치도 춘천시 신북읍 율문길 89,강원특별자치도 춘천시 신북읍 율문리 285-2번지,2025-02-06
두산건기춘천판매(주),장영식,033-250-4225,033-256-3379,3,건설 및 채광용 기계장비 제조업,"적재함, 버킷",강원특별자치도 춘천시 동내면 거두길 150,강원특별자치도 춘천시 동내면 거두리 464-2번지,2025-02-06
딕스원(주),박성민,033-250-4225,033-264-4026,15,매트리스 및 침대 제조업,매트리스,강원특별자치도 춘천시 남산면 충효로 74,강원특별자치도 춘천시 남산면 광판리 821-3번지,2025-02-06
린나이춘천종합상사,김대식,033-250-4051,033-241-4248,7,주방용 및 음식점용 목재가구 제조업 외 1 종,주방가구 외,강원특별자치도 춘천시 동면 춘천순환로 358,강원특별자치도 춘천시 동면 만천리 528-1번지,2025-02-06
메이킹래빗,한미정,033-250-4225,,1,가정용 비전기식 조리 및 난방 기구 제조업,일회용종이찜기,"강원특별자치도 춘천시 강원대학길 1, 보듬관 1104호 (효자동, 강원대학교)",강원특별자치도 춘천시 효자동 192-1번지 강원대학교 보듬관 1104호,2025-02-06
모리정미소 주식회사 농업회사법인,진의균,033-250-4051,033-263-6300,5,곡물 도정업,"쌀, 찹쌀, 잡곡","강원특별자치도 춘천시 신동면 모오리길 31-6, (팔미리101, 101-7, 101-4)","강원특별자치도 춘천시 신동면 팔미리 101-2번지 (팔미리101, 101-7, 101-4)",2025-02-06
목향한글서예연구소,정광옥,033-250-4051,,1,모조 귀금속 및 모조 장신용품 제조업,공예품,"강원특별자치도 춘천시 지석로 63, 209호 (석사동, 현진에버빌2차)",강원특별자치도 춘천시 석사동 873번지 현진에버빌2차 209호,2025-02-06
뫼바우식품,이재란,033-250-3361,033-242-4390,3,"면류, 마카로니 및 유사식품 제조업 외 3 종","면류,조미식품,닭갈비",강원특별자치도 춘천시 동면 금옥길 44-5,강원특별자치도 춘천시 동면 지내리 73-1번지,2025-02-06
바우하우스,서정민,033-250-4051,033-241-1850,1,경 인쇄업,"현수막, 실사, 책제본","강원특별자치도 춘천시 운천길 25, 미유빌딩 2층(운교동)",강원특별자치도 춘천시 운교동 173-7 미유빌딩 2층,2025-02-06
바이오플랜트(주),정흥수,033-250-4225,033-257-3968,2,"질소화합물, 질소, 인산 및 칼리질 화학비료 제조업 외 3 종",비료,"강원특별자치도 춘천시 강원대학길 1, 친환경농업연구센터 1층 (효자동, 강원대학교)",강원특별자치도 춘천시 효자동 192-1번지 강원대학교 친환경농업연구센터 1층,2025-02-06
반석춘천옥,김기만,033-250-4225,033-257-6413,3,기타 석제품 제조업,옥가공품,강원특별자치도 춘천시 충열로 179 (우두동),강원특별자치도 춘천시 우두동 1018-1번지,2025-02-06
백년건강주식회사,이은숙,033-250-3431,,4,건강보조용 액화식품 제조업 외 1 종,"오골계 즙, 오골계 만두",강원특별자치도 춘천시 남산면 충효로 393,강원특별자치도 춘천시 남산면 행촌리 450,2025-02-06
범일유리,김영범,033-250-3088,,5,안전유리 제조업 외 1 종,"복층유리,차유리",강원특별자치도 춘천시 동면 공단로70번길 20-7 (범일유리),강원특별자치도 춘천시 동면 장학리 844-8번지,2025-02-06
봄봄도가,윤나경,033-250-3361,033-255-7103,3,탁주 및 약주 제조업,막걸리,강원특별자치도 춘천시 신동면 풍류1길 34,강원특별자치도 춘천시 신동면 증리 901번지,2025-02-06
비에이치엘(주),유재준,033-250-4225,033-253-2423,5,기체 펌프 및 압축기 제조업,공기압축기,강원특별자치도 춘천시 동내면 사래울1길 45,강원특별자치도 춘천시 동내면 사암리 511번지,2025-02-06
산천애아삭소리사과애플즙,지정민,033-250-4051,,1,기타 과실ㆍ채소 가공 및 저장 처리업 외 1 종,사과즙,강원특별자치도 춘천시 신북읍 신북로 362,강원특별자치도 춘천시 신북읍 산천리 637-6,2025-02-06
삼성생약(주),한상노,033-250-3361,033-241-1905,1,"식초, 발효 및 화학 조미료 제조업",천마발효초,"강원특별자치도 춘천시 소양강로 32, 1동 304호 (후평동, 생물산업벤쳐타운)",강원특별자치도 춘천시 후평동 198-53번지 생물산업벤쳐타운 1동 304호,2025-02-06
삼성콘테이너,이길영,033-250-3361,033-244-4054,4,기타 구조용 금속제품 제조업,건물용콘테이너,강원특별자치도 춘천시 신샘밭로 188 (신동),강원특별자치도 춘천시 신동 1230번지,2025-02-06
삼일공업사,김익형,033-250-3088,,5,건설 및 채광용 기계장비 제조업,건설기계부속품,강원특별자치도 춘천시 자라우길 7-4 (칠전동),강원특별자치도 춘천시 칠전동 11번지,2025-02-06
삼진식품,노동호,,033-252-1088,5,떡류 제조업,가래떡,"강원특별자치도 춘천시 효자로14번길 13 (퇴계동, 삼진식품)",강원특별자치도 춘천시 퇴계동 705-2번지 삼진식품,2025-02-06
삼호건설(주),"김선종, 이규찬",033-250-4051,033-262-3911,9,아스팔트 콘크리트 및 혼합제품 제조업,아스콘,강원특별자치도 춘천시 신동면 김유정로 701-13,강원특별자치도 춘천시 신동면 혈동리 65-1번지,2025-02-06
새한시스템,김창선,033-250-4225,033-252-4033,3,기타 목재가구 제조업 외 1 종,사무용 가구,강원특별자치도 춘천시 신북읍 신샘밭로 504-18,강원특별자치도 춘천시 신북읍 율문리 37-9번지,2025-02-06
서대프랜트(주),김요시,033-250-4225,033-262-8313,14,육상 금속 골조 구조재 제조업 외 1 종,연도,강원특별자치도 춘천시 동산면 원무동2길 2-12,강원특별자치도 춘천시 동산면 봉명리 923-4번지,2025-02-06
서울교구,김영관,033-250-3361,,4,그 외 기타 나무제품 제조업 외 2 종,"실험대, 기구보관장.",강원특별자치도 춘천시 신동면 풍류1길 24-4,강원특별자치도 춘천시 신동면 증리 911-3번지,2025-02-06
서정산업,이학서,033-250-3361,,4,"금속 문, 창, 셔터 및 관련제품 제조업","창호,유리,셔터,알루미늄",강원특별자치도 춘천시 동내면 학곡동2길 10-1,강원특별자치도 춘천시 동내면 학곡리 359-10번지,2025-02-06
서진식품,서진,033-250-4051,033-265-7955,2,가금류 가공 및 저장 처리업,양념육(닭갈비),,강원특별자치도 춘천시 동내면 거두리 976-1 1층,2025-02-06
세은바이오,유미희,033-250-4051,,2,그 외 기타 식료품 제조업,한방환(에너지한방 등),"강원특별자치도 춘천시 동부시장길 8, 1충, (76,81호)(운교동, 동부시장현대아파트)","강원특별자치도 춘천시 운교동 183 동부시장현대아파트 1충, (76,81호)",2025-02-06
소당식품,김용호,033-250-3361,033-263-4308,3,식물성 유지 제조업 외 1 종,떡.식용유지,강원특별자치도 춘천시 동내면 동내로 103-13,강원특별자치도 춘천시 동내면 신촌리 441-4번지,2025-02-06
소양,안호규,033-250-4051,,2,화장품 제조업,화장품,강원특별자치도 춘천시 남춘천길 32 (퇴계동),강원특별자치도 춘천시 퇴계동 646-5번지,2025-02-06
소양강도가,한상일,033-250-3361,033-243-6878,3,탁주 및 약주 제조업,탁주,강원특별자치도 춘천시 신북읍 율문길 65-5,강원특별자치도 춘천시 신북읍 율문리 553-13번지,2025-02-06
소올산업,김민경,033-250-4051,033-257-2333,2,"천막, 텐트 및 유사 제품 제조업 외 23 종","보호용 천막, 측량장비, 광학장비","강원특별자치도 춘천시 춘천로 58, B1 (효자동)",강원특별자치도 춘천시 효자동 590-5번지 B1,2025-02-06
솔밭농기구,박일라,033-250-3361,033-244-3444,7,비동력식 수공구 제조업,"삽,호미,낫,괭이",강원특별자치도 춘천시 신동로 122 (신동),강원특별자치도 춘천시 신동 406-3번지,2025-02-06
스마트이앤씨 주식회사,김용진,033-250-4051,033-251-6463,5,"전자기 측정, 시험 및 분석기구 제조업 외 1 종",토목센서,"강원특별자치도 춘천시 강원대학길 1, 보듬관 801호 (효자동)",강원특별자치도 춘천시 효자동 192-1 보듬관 801호,2025-02-06
스퀴즈,김대헌,033-250-4051,050-4396-1663,7,맥아 및 맥주 제조업,발효맥주,강원특별자치도 춘천시 공지로 353 (효자동),강원특별자치도 춘천시 효자동 685-10번지,2025-02-06
스타일블라인드,이종수,033-250-3361,033-264-3640,4,커튼 및 유사제품 제조업,"커텐,버티컬,롤스크린",강원특별자치도 춘천시 칠전동길 74 (칠전동),강원특별자치도 춘천시 칠전동 99-3번지,2025-02-06
승산,김빈오,033-250-4225,,5,주방용 및 음식점용 목재가구 제조업 외 1 종,주방가구,강원특별자치도 춘천시 동내면 학곡동2길 10,강원특별자치도 춘천시 동내면 학곡리 597번지,2025-02-06
신북농업협동조합,김재호,033-250-4051,033-243-9705,5,곡물 도정업,쌀,,강원특별자치도 춘천시 신북읍 산천리 1065-1 외 2필지,2025-02-06
신선원제분(주),유용희,033-250-4225,033-262-1919,3,곡물 제분업,"메밀가루, 전분",강원특별자치도 춘천시 신동면 한치로 895,강원특별자치도 춘천시 신동면 팔미리 348-8번지,2025-02-06
신영상사(주),이창화,,033-243-2669,4,기타 식품 첨가물 제조업,"된장,고추장",강원특별자치도 춘천시 사북면 신포리 338번지,강원특별자치도 춘천시 사북면 신포리 338번지,2025-02-06
신우레미콘(주),한경섭,033-250-3361,033-264-3117,7,레미콘 제조업,레미콘,강원특별자치도 춘천시 동산면 종자리로 515 (삼성레미콘),강원특별자치도 춘천시 동산면 군자리 728-4번지 삼성레미콘,2025-02-06
신원기업(주),전경수,,033-261-7399,17,콘크리트 관 및 기타 구조용 콘크리트 제품 제조업,콘크리트근가,강원특별자치도 춘천시 남산면 소주고개로 388,강원특별자치도 춘천시 남산면 창촌리 432-1번지,2025-02-06
쌍용레미콘(주)춘천사업소,박명수,033-250-4051,033-255-8804,16,레미콘 제조업,레미콘,"강원특별자치도 춘천시 영서로 2497 (근화동, 호반레미콘)",강원특별자치도 춘천시 근화동 524번지,2025-02-06
씨에이에스(CAS),변병오,033-250-4051,033-252-6115,1,방송장비 제조업,cctv카메라,강원특별자치도 춘천시 동광길 7-1 (후평동) 3층,강원특별자치도 춘천시 후평동 745-28 3층,2025-02-06
아이클라임 주식회사,강태인,033-250-4051,,4,기타 표시장치 제조업,"클라이밍 웹시스템, 계측기","강원특별자치도 춘천시 후석로66번길 43, 101호 (석사동)",강원특별자치도 춘천시 석사동 310-13번지 101호,2025-02-06
알파피엔디,조영애,033-250-3088,033-263-8555,4,간판 및 광고물 제조업 외 1 종,"LED,형광등,AL후레임,앵글파이프",강원특별자치도 춘천시 동내면 원창고개길 282-4,강원특별자치도 춘천시 동내면 학곡리 613-0번지,2025-02-06
앨리스바니,이희경,033-250-4051,,2,기타 목재가구 제조업,어린이가구,"강원특별자치도 춘천시 춘천로68번길 25 (효자동, 큰들유통)",강원특별자치도 춘천시 효자동 685-6번지 큰들유통,2025-02-06
양우바이오 주식회사,"각자대표(박종금, 김천안)",033-250-4051,033-262-6137,11,김치류 제조업 외 5 종,"김치,냉면",강원특별자치도 춘천시 동산면 원무동길 175,강원특별자치도 춘천시 동산면 봉명리 787번지,2025-02-06
양춘기업,안영자,033-250-4051,033-261-5719,5,건설 및 채광용 기계장비 제조업,건설기계부품,강원특별자치도 춘천시 동내면 향군길 58,강원특별자치도 춘천시 동내면 신촌리 346-10번지,2025-02-06
에니웰,황갑문,033-250-4051,,0,표면광택제 및 실내가향제 제조업,고양이모래,강원특별자치도 춘천시 동산면 영서로 844,강원특별자치도 춘천시 동산면 원창리 727-1,2025-02-06
에버랜취,유경옥,033-250-3361,,2,기타 식품 첨가물 제조업,가공소금(칼라소금),강원특별자치도 춘천시 우두상리4길 16 (우두동),강원특별자치도 춘천시 우두동 144-11번지,2025-02-06
에스엔에스(s&s),송영규,033-250-4051,,3,"치약, 비누 및 기타 세제 제조업",비누,"강원특별자치도 춘천시 춘천로223번길 4 (효자동, 석사식당)",강원특별자치도 춘천시 효자동 747-17번지 석사식당,2025-02-06
에스엠케이에너지(주),김문준,033-250-4225,042-867-5421,3,"증류기, 열교환기 및 가스발생기 제조업","열교환기, 가스발생기",강원특별자치도 춘천시 동면 소양강로 168,강원특별자치도 춘천시 동면 장학리 782번지,2025-02-06
에스엠케이에너지주식회사,김문준,033-250-4225,042-867-5421,3,"증류기, 열교환기 및 가스발생기 제조업","증류기, 열교환기 및 가스발생기 제조업",강원특별자치도 춘천시 소양강로 168 (동면),강원특별자치도 춘천시 동면 장학리 782-0,2025-02-06
엑셀원,윤창근,033-250-3361,033-262-2511,1,기타 운동 및 경기용구 제조업 외 1 종,서바이벌장비,"강원특별자치도 춘천시 강원대학길 1, 강원대 공과대학 BI센터 115호 (효자동)",강원특별자치도 춘천시 효자동 192-1번지 강원대 공과대학 BI센터 115호,2025-02-06
엔씨홀딩스,최연종,033-250-4225,033-262-6854,1,커피 가공업,커피원두,"강원특별자치도 춘천시 동내면 거두택지길14번길 31, 1층",강원특별자치도 춘천시 동내면 거두리 990-2번지 1층,2025-02-06
엔에스지,노현준,033-250-4051,,1,가방 및 기타 보호용 케이스 제조업,가방,강원특별자치도 춘천시 영서로2434번길 11 (근화동),강원특별자치도 춘천시 근화동 747-4번지,2025-02-06
엘림기업,안경희,033-250-4225,033-262-3856,4,주방용 및 음식점용 목재가구 제조업 외 1 종,"씽크대, 붙박이장, 신발장 외",강원특별자치도 춘천시 지내고탄로 82-12 (신동),강원특별자치도 춘천시 신동 647-1번지,2025-02-06
영공금속,이민정,033-250-4051,033-264-0901,4,구조용 금속 판제품 및 공작물 제조업,판넬 및 부자재,강원특별자치도 춘천시 동면 춘천순환로 319,강원특별자치도 춘천시 동면 만천리 525-48,2025-02-06
영농조합법인호반농산,함미숙,033-250-3361,033-264-7273,2,천연 및 혼합조제 조미료 제조업,고추가루,강원특별자치도 춘천시 동내면 고은길 84-56,강원특별자치도 춘천시 동내면 고은리 산 94-1번지,2025-02-06
영춘금속,민영홍,033-250-3361,033-252-9867,15,기타 1차 비철금속 제조업,절단.절곡,"강원특별자치도 춘천시 영서로 2521 (근화동, 영춘금속)",강원특별자치도 춘천시 근화동 538-18번지,2025-02-06
영풍석재(주),김성한,033-250-3361,033-263-7402,8,건설용 석제품 제조업 외 1 종,후동석,강원특별자치도 춘천시 남면 소주고개로 92-10,강원특별자치도 춘천시 남면 후동리 448-2번지,2025-02-06
오케이냉열,심창기,033-250-4051,033-249-9811,1,산업용 냉장 및 냉동 장비 제조업,저온저장고,강원특별자치도 춘천시 신북읍 사랑말길 64,강원특별자치도 춘천시 신북읍 율문리 515-7,2025-02-06
오투엔,차진석,033-250-4051,070-4122-9714,2,유압기기 제조업,에어펌프,"강원특별자치도 춘천시 효제길 33 (효자동, 문구나라)",강원특별자치도 춘천시 효자동 158-8 번지,2025-02-06
와이코스,고원준,033-250-4051,070-7538-6538,1,화장품 제조업,화장품,"강원특별자치도 춘천시 성심로 82 (효자동, 순복음비전교회)",강원특별자치도 춘천시 효자동 44-37번지 순복음비전교회,2025-02-06
우드리버산업,이은관,033-250-4051,033-241-4388,3,그 외 기타 콘크리트 제품 및 유사제품 제조업,"정원등, 조경시설물",강원특별자치도 춘천시 공단로60번길 6 (후평동),강원특별자치도 춘천시 후평동 227-1번지,2025-02-06
우수이앤씨주식회사,배영자,033-250-3361,050-5371-7867,5,일반용 전기 조명장치 제조업 외 2 종,"LED 등기구,컨버터,RGB 모듈","강원특별자치도 춘천시 공지로 104, 2층 (석사동, COEX바이크탑)",강원특별자치도 춘천시 석사동 291-15번지,2025-02-06
우진봉투,김필겸,033-250-4225,,5,"플라스틱 포대, 봉투 및 유사제품 제조업",비닐봉투,강원특별자치도 춘천시 동내면 대룡산길 74-15,강원특별자치도 춘천시 동내면 사암리 744번지,2025-02-06
원준,김선옥,033-250-4225,,1,일반철물 제조업,파일 연결구,강원특별자치도 춘천시 동내면 고은길 72,강원특별자치도 춘천시 동내면 고은리 330-7번지,2025-02-06
월드디자인,송진규,033-250-3361,033-244-8064,2,간판 및 광고물 제조업 외 6 종,"간판및광고물,표지판,일반철물",강원특별자치도 춘천시 동면 가래울길 4,강원특별자치도 춘천시 동면 장학리 509-1번지,2025-02-06
유동부치아바타 주식회사,유동부,033-250-4051,033-263-4648,35,빵류 제조업,빵류,"강원특별자치도 춘천시 동내면 외솔길19번길 80-34 1,2,3,4층","강원특별자치도 춘천시 동내면 거두리 1062-2 1,2,3,4층",2025-02-06
유비트론(주),김영선,033-250-4225,031-388-3140,10,기타 주변기기 제조업 외 5 종,"보안용 카메라, 영상감시장치, LED전광판","강원특별자치도 춘천시 신북읍 신북로 61-14, 강원테크노파크 춘천벤처2공장 204, 205호","강원특별자치도 춘천시 신북읍 율문리 942번지 강원테크노파크 춘천벤처2공장 204, 205호",2025-02-06
유스테이션 주식회사,백준호,033-250-4051,050-5300-3094,7,"전자기 측정, 시험 및 분석기구 제조업",심전도 교육운련장비,"강원특별자치도 춘천시 강원대학길 1, 보듬관 901호(효자동, 강원대학교)",강원특별자치도 춘천시 효자동 192-1 강원대학교 보듬관 901호,2025-02-06
유진기업(주),최종성,033-250-4225,033-262-2831,13,레미콘 제조업,레미콘,강원특별자치도 춘천시 동산면 군자리 13-3번지,강원특별자치도 춘천시 동산면 군자리 13-3번지,2025-02-06
유한회사 하이팩코리아,양금석,033-250-4051,033-261-8593,4,"플라스틱 포대, 봉투 및 유사제품 제조업",진공필름,강원특별자치도 춘천시 동내면 거두1길 66,강원특별자치도 춘천시 동내면 거두리 635번지,2025-02-06
윤서식품,한상미,033-250-4051,033-263-8689,4,김치류 제조업 외 1 종,김치류,강원특별자치도 춘천시 벌말길 107 (석사동),강원특별자치도 춘천시 석사동 704-0,2025-02-06
이레가구,이무영,033-250-4051,033-256-2204,5,주방용 및 음식점용 목재가구 제조업,주방용목재가구,강원특별자치도 춘천시 신북읍 맥국2길 62,강원특별자치도 춘천시 신북읍 천전리 323-1번지,2025-02-06
이엔피(주),송양희,033-250-3088,033-253-5420,5,"산업용 오븐, 노 및 노용 버너 제조업 외 1 종",태양열집열기,강원특별자치도 춘천시 동면 소양강로 168,강원특별자치도 춘천시 동면 장학리 782번지,2025-02-06
이엠산업주식회사,김진호,033-250-4051,033-244-1326,2,그 외 기타 의료용 기기 제조업 외 7 종,공기소독기,강원특별자치도 춘천시 동내면 고은길 109-4,강원특별자치도 춘천시 동내면 고은리 317-3,2025-02-06
이엠일레트로닉,박일화,033-250-4051,033-262-6009,1,일반저울 제조업,전자저울,강원특별자치도 춘천시 만천로199번길 5(후평동),강원특별자치도 춘천시 후평동 117-1,2025-02-06
이원통상,박영석,033-250-4225,033-252-7023,1,스타킹 및 기타 양말 제조업,양말,강원특별자치도 춘천시 동면 공단로70번길 159,강원특별자치도 춘천시 동면 장학리 745-1번지,2025-02-06
이젠,차진석,033-250-4051,050-4188-9714,0,기체 펌프 및 압축기 제조업,전기펌프 및 필터,강원특별자치도 춘천시 효제길 33(효자동),강원특별자치도 춘천시 효자동 158-8,2025-02-06
인데코바스(주),윤병기,033-250-4225,033-261-2818,5,일반용 전기 조명장치 제조업 외 2 종,LED 조명장치,강원특별자치도 춘천시 동내면 학곡서3길 117-3,강원특별자치도 춘천시 동내면 학곡리 144번지,2025-02-06
인디자인,윤순옥,033-250-4051,033-241-7902,3,경 인쇄업,"인쇄물, 책자","강원특별자치도 춘천시 성심로35번길 4, 1층(효자동)",강원특별자치도 춘천시 효자동 754-20 1층,2025-02-06
인쇄나라,이재수,033-250-3088,033-257-0454,2,경 인쇄업 외 1 종,인쇄물,"강원특별자치도 춘천시 서부대성로 195 (효자동, 팔호중고가전마트)",강원특별자치도 춘천시 효자동 615-12번지,2025-02-06
인쇄디자인전문 협동조합 컨셉,강원선,033-250-4051,033-262-1213,4,기타 인쇄업,"책자, 팜플렛, 기타인쇄물",강원특별자치도 춘천시 효석로 37 (효자동),강원특별자치도 춘천시 효자동 253-37,2025-02-06
자연마음,장선미,033-250-4225,033-264-1221,0,과자류 및 코코아 제품 제조업 외 2 종,"비누, 향초, 방향제","강원특별자치도 춘천시 안마산로 214, 11호 (퇴계동, 퇴계금호타운아파트)",강원특별자치도 춘천시 퇴계동 945번지 퇴계금호타운아파트 11호,2025-02-06
재헌식품,동영삼,033-250-4051,033-261-5788,7,도시락류 제조업 외 1 종,"꿩만두, 메밀꿩만두, 김치만두, 황태만두",강원특별자치도 춘천시 남산면 보매기2길 40,강원특별자치도 춘천시 남산면 창촌리 232번지,2025-02-06
전국상사,박명남,033-250-4051,033-262-2364,3,건설 및 채광용 기계장비 제조업,건설기계부품,강원특별자치도 춘천시 신동면 한치로 958-14,강원특별자치도 춘천시 신동면 팔미리 861-27번지,2025-02-06
정원석재,진광배,033-250-4051,,0,기타 석제품 제조업,성형가공 석재품,강원특별자치도 춘천시 동면 춘천순환로 825,강원특별자치도 춘천시 동면 장학리 612-5,2025-02-06
제이알텍,이정렬,033-250-3361,070-4240-3197,1,기타 조명장치 제조업,휴대용조명등,"강원특별자치도 춘천시 강원대학길 1, 보듬관 1105호 (효자동, 강원대학교)",강원특별자치도 춘천시 효자동 192-1번지 강원대학교 보듬관 1105호,2025-02-06
제이오븐,편현주,033-250-4225,050-5361-1114,1,빵류 제조업 외 1 종,"파이, 쿠키, 잼","강원특별자치도 춘천시 스무숲4길 36, 1층 (석사동, 새사도교회)",강원특별자치도 춘천시 석사동 966-1번지 새사도교회 1층,2025-02-06
제이와이카데코테크,안수혁,033-250-3431,,0,산업용 송풍기 및 배기장치 제조업 외 1 종,"공기청정기, 카메라 녹화장치",강원특별자치도 춘천시 동면 춘천순환로 436,강원특별자치도 춘천시 동면 만천리 411-4,2025-02-06
좋은친구,박건호,033-250-4225,033-244-8839,2,그 외 기타 전자부품 제조업 외 1 종,하네스조립,강원특별자치도 춘천시 공단로 49 (후평동),강원특별자치도 춘천시 후평동 244-42,2025-02-06
주식회사 강원피앤씨,송복희,033-250-4051,033-263-8821,3,일반용 도료 및 관련제품 제조업,미끄럼방지포장재,강원특별자치도 춘천시 동내면 고은길 135,강원특별자치도 춘천시 동내면 고은리 314-5,2025-02-06
주식회사 경춘필방,박경수,033-250-4051,,2,비 및 솔 제조업 외 1 종,붓,강원특별자치도 춘천시 서면 박사로 906 (춘천전통닭갈비),강원특별자치도 춘천시 서면 금산리 985-2번지,2025-02-06
주식회사 교성,차국열,,033-256-7650,8,간판 및 광고물 제조업 외 7 종,"간판, 안내판, 철구조물, 인쇄, 현수막 등",강원특별자치도 춘천시 동면 만천로143번길 109,강원특별자치도 춘천시 동면 만천리 549-11,2025-02-06
주식회사 굿윌커피,정도룡,033-250-4051,033-255-6250,6,커피 가공업,커피,강원특별자치도 춘천시 동내면 금촌로 84-15,강원특별자치도 춘천시 동내면 신촌리 46-3번지,2025-02-06
주식회사 금보식품,박종찬,033-250-3431,,12,가금류 가공 및 저장 처리업 외 2 종,"국물떡볶이닭갈비, 양념닭갈비, 양념무뼈닭발, 양념목살",강원특별자치도 춘천시 남산면 종자리로 17,강원특별자치도 춘천시 남산면 광판리 126-2,2025-02-06
주식회사 녹슨,지경자,033-250-4051,,3,그 외 기타 분류 안된 금속 가공 제품 제조업,철구조물 등,강원특별자치도 춘천시 동면 순환대로 1038 바동,강원특별자치도 춘천시 동면 만천리 251-11 바동,2025-02-06
주식회사 농업회사법인하루에한모,김재훈,033-250-4051,,10,두부 및 유사식품 제조업,두부,강원특별자치도 춘천시 동면 지내리 906번지 외 1필지,강원특별자치도 춘천시 동면 지내리 906번지 외 1필지,2025-02-06
주식회사 대명디지털,정성주,033-250-4051,0504-221-7610,2,전시 및 광고용 조명장치 제조업,LED모듈,"강원특별자치도 춘천시 우석로 21, 1층 (석사동)",강원특별자치도 춘천시 석사동 769-7 1층,2025-02-06
주식회사 더 프레시 에프앤비,박종혁,033-250-4051,033-264-2281,19,가금류 가공 및 저장 처리업 외 2 종,"양념닭갈비, 부대찌개","강원특별자치도 춘천시 동내면 동내로 96, 3동",강원특별자치도 춘천시 동내면 신촌리 391-1 3동,2025-02-06
주식회사 더윌,안재규,033-250-4051,033-261-4122,7,육상 금속 골조 구조재 제조업 외 1 종,"금속구조물, 울타리",강원특별자치도 춘천시 동내면 거두길 184-22,강원특별자치도 춘천시 동내면 거두리 505-1,2025-02-06
주식회사 덕양,이종환,033-250-4051,070-8240-4000,6,일반용 도료 및 관련제품 제조업,"미끄럼방지포장재, 도막형바닥재",강원특별자치도 춘천시 동내면 사래울1길 69,강원특별자치도 춘천시 동내면 사암리 454-1,2025-02-06
주식회사 도둠,김명희,033-250-4051,050-4311-5365,3,전시용 모형 제조업 외 1 종,"홍보부스, 실물모형, 조형물",강원특별자치도 춘천시 후석로 68 (석사동),강원특별자치도 춘천시 석사동 433-4번지,2025-02-06
주식회사 메타플레이스,정경희,033-250-4051,,2,인형 및 장난감 제조업,카본파이버 조립형 코딩교구,"강원특별자치도 춘천시 한림대학길 1, 창업보육센터(12203호, 12204호)(옥천동, 한림대학교)","강원특별자치도 춘천시 옥천동 1-1 한림대학교 창업보육센터(12203호, 12204호)",2025-02-06
주식회사 미리본,이민호,033-250-4051,070-8228-4945,2,배합 사료 제조업,반려동물용 수제사료,강원특별자치도 춘천시 옛경춘로 489 (칠전동),강원특별자치도 춘천시 칠전동 261-3번지,2025-02-06
주식회사 보임,정은영,,,4,비디오 및 기타 영상기기 제조업,지능형 영상분석 솔루션 카메라 센서,"강원특별자치도 춘천시 온의로 50, 에이동 1층 (온의동)",강원특별자치도 춘천시 온의동 262-9 에이동 1층,2025-02-06
주식회사 보임,정은영,033-250-4051,,0,비디오 및 기타 영상기기 제조업,지능형 영상분석 솔루션 카메라 센서,"강원특별자치도 춘천시 온의로 50, 에이동 , 1층 (온의동)","강원특별자치도 춘천시 온의동 262-9 에이동 , 1층",2025-02-06
주식회사 비네이처바이오랩,백종섭,033-250-4051,033-253-5908,5,차류 가공업,천연물을 이용한 입상차류,"강원특별자치도 춘천시 신북읍 신북로 61-14, 강원테크노파크 벤쳐2공장 101호",강원특별자치도 춘천시 신북읍 율문리 942 강원테크노파크 벤쳐2공장 101호,2025-02-06
주식회사 비아이지,김유진,033-250-4051,,2,배전반 및 전기 자동제어반 제조업,자동제어판넬,"강원특별자치도 춘천시 동내면 순환대로 940, 2층 24호",강원특별자치도 춘천시 동내면 거두리 440-2번지 2층 24호,2025-02-06
주식회사 비앤에스,신경인,033-250-4051,033-252-6115,5,방송장비 제조업 외 4 종,"CCTV,컴퓨터,주차관제",강원특별자치도 춘천시 동광길 7-1 (후평동),강원특별자치도 춘천시 후평동 745-28번지,2025-02-06
주식회사 빌트존,이석준,033-250-4051,0504-336-1013,3,"콘크리트 타일, 기와, 벽돌 및 블록 제조업",콘크리트 블록,강원특별자치도 춘천시 동내면 대룡산길 227-290,강원특별자치도 춘천시 동내면 사암리 207-3,2025-02-06
주식회사 세이프텍,유명녀,033-250-4051,033-264-9448,5,구조용 금속 판제품 및 공작물 제조업 외 1 종,울타리 재료 및 제품,강원특별자치도 춘천시 신동면 순환대로 309-18,강원특별자치도 춘천시 신동면 정족리 228-14,2025-02-06
주식회사 스마트바이오탑,설경천,033-250-4051,033-264-7789,5,그 외 기타 특수목적용 기계 제조업,음식물쓰레기 처리기,강원특별자치도 춘천시 서면 율장길 166,강원특별자치도 춘천시 서면 안보리 434-1,2025-02-06
주식회사 씨에스솔라,박명길,033-250-4051,033-261-9006,11,기타 무선 통신장비 제조업 외 1 종,"무선통신단말기, 태양광발전장치",강원특별자치도 춘천시 동면 소양강로 160,강원특별자치도 춘천시 동면 장학리 785-22,2025-02-06
주식회사 씨엔에스테크,강정식,033-250-4051,033-255-2318,11,육류 기타 가공 및 저장처리업 (가금류 제외) 외 1 종,"소담 춘천 닭갈비, 쭈꾸미, 불닭발, 떡갈비, 도시락 제품군",강원특별자치도 춘천시 신북읍 은고개길 5,강원특별자치도 춘천시 신북읍 지내리 39-11,2025-02-06
주식회사 에스엠에비앙,이용혁,033-250-4051,,2,무인 항공기 및 무인 비행장치 제조업,드론 / UAV / UGV,강원특별자치도 춘천시 남춘천길5번길 8(퇴계동),강원특별자치도 춘천시 퇴계동 1144-3,2025-02-06
주식회사 엘피스메디칼,황재천,033-250-4051,033-262-0349,6,그 외 기타 의료용 기기 제조업 외 1 종,"의료기기, 의료기기",강원특별자치도 춘천시 동면 금베이길 95-31,강원특별자치도 춘천시 동면 만천리 1-9,2025-02-06
주식회사 우주푸드빌,이용진,033-250-4051,033-252-3453,6,가금류 가공 및 저장 처리업,"순살춘천닭갈비, 역전닭갈비, 홍익쭈꾸미",강원특별자치도 춘천시 신북읍 사랑말2길 55-16,강원특별자치도 춘천시 신북읍 율문리 328,2025-02-06
주식회사 이안,이희권,033-250-4051,033-251-5420,5,플라스틱 창호 제조업,"샷시, 유리",강원특별자치도 춘천시 동면 도일길 74,강원특별자치도 춘천시 동면 만천리 666-1번지,2025-02-06
주식회사 이앤비,오철환,033-250-4051,033-241-3001,16,생물학적 제제 제조업,하수 및 폐수처리 미생물,강원특별자치도 춘천시 옛경춘로 487 (칠전동),강원특별자치도 춘천시 칠전동 261-8번지,2025-02-06
주식회사 제이투,신연미,033-250-4051,033-264-6372,4,방송장비 제조업 외 2 종,영상감시잦ㅇ치,강원특별자치도 춘천시 동내면 고은길 40-4,강원특별자치도 춘천시 동내면 고은리 351-64번지,2025-02-06
주식회사 조은건설,조중교,033-250-4051,033-262-6349,9,"금속 문, 창, 셔터 및 관련제품 제조업 외 2 종",금속 조립구조재 외,강원특별자치도 춘천시 동내면 동내로 238-3,강원특별자치도 춘천시 동내면 고은리 454번지,2025-02-06
주식회사 준트리,김근철,033-250-4051,,2,그 외 기타 분류 안된 화학제품 제조업,등온유전자진단키드,"강원특별자치도 춘천시 강원대학길 1, 보듬관 701호(효자동, 강원대학교)",강원특별자치도 춘천시 효자동 192-1 강원대학교 보듬관 701호,2025-02-06
주식회사 지원바이오,김우식,033-250-4051,033-242-5757,6,기체 펌프 및 압축기 제조업,공기압축기 및 미용관리품,"강원특별자치도 춘천시 신북읍 신북로 61-14, 강원테크노파크 춘천벤처2공장 203호",강원특별자치도 춘천시 신북읍 율문리 942 강원테크노파크 춘천벤처2공장 203호,2025-02-06
주식회사 천일,조원일,033-250-4051,033-655-9891,8,구조용 금속 판제품 및 공작물 제조업 외 4 종,"금속제울타리, 차양, 그레이팅덮개, 조립식구조물",강원특별자치도 춘천시 동면 가래울길 25-1,강원특별자치도 춘천시 동면 장학리 494-2,2025-02-06
주식회사 청광세라믹,강경구,033-250-4051,033-241-3723,2,구조용 금속 판제품 및 공작물 제조업 외 2 종,벽체 건식타일,강원특별자치도 춘천시 동면 후만로 148,강원특별자치도 춘천시 동면 만천리 902-1,2025-02-06
주식회사 춘천제분,김상훈,033-250-4051,033-241-4285,4,곡물 제분업,메밀가루,강원특별자치도 춘천시 동면 지내길 98,강원특별자치도 춘천시 동면 지내리 560번지,2025-02-06
주식회사 코리아베스트원,김왕권,033-250-4051,,3,건강보조용 액화식품 제조업,건강식품,"강원특별자치도 춘천시 강원대학길 1, 402호(보듬관)(효자동, 강원대학교)",강원특별자치도 춘천시 효자동 192-1 강원대학교 402호(보듬관),2025-02-06
주식회사 클린플라스틱,최미경,033-250-4051,,2,그 외 기타 플라스틱 제품 제조업 외 1 종,재생플라스틱 제품,"강원특별자치도 춘천시 도화길 2, 2층 (효자동)",강원특별자치도 춘천시 효자동 603-9 2층,2025-02-06
주식회사 티엔커피 - 2공장,주찬,033-250-4051,033-262-3653,0,그 외 기타 종이 및 판지 제품 제조업,드립커피 필터,강원특별자치도 춘천시 동내면 금촌로 84-76,강원특별자치도 춘천시 동내면 신촌리 46-31,2025-02-06
주식회사 하이워킹,양승영,033-250-4051,033-263-0082,3,방송장비 제조업,영상감시 장치,강원특별자치도 춘천시 남산면 보매기3길 30,강원특별자치도 춘천시 남산면 창촌리 335번지,2025-02-06
주식회사바이오닉스,김대성,033-250-4051,033-241-9041,10,방사선 장치 제조업 외 1 종,"환자감시장치, 분만감시장치, 심전계","강원특별자치도 춘천시 신북읍 신북로 61-14, 춘천벤처 2공장 103호, 201호","강원특별자치도 춘천시 신북읍 율문리 942번지 춘천벤처 2공장 103호, 201호",2025-02-06
중앙금속,윤용길,033-250-3361,033-263-1370,8,그 외 기타 분류 안된 금속 가공 제품 제조업 외 5 종,"알루미늄사다리, 휀스, 버스승강장등",강원특별자치도 춘천시 서면 율장길 205,강원특별자치도 춘천시 서면 안보리 370-1번지,2025-02-06
중앙기획,이해진 외 1명,033-250-4051,033-244-6333,3,경 인쇄업 외 4 종,"인쇄, 현수막, 출판",강원특별자치도 춘천시 서부대성로 109 (교동),강원특별자치도 춘천시 교동 65-9번지,2025-02-06
천연愛바이오,최미경,033-250-4225,,3,"치약, 비누 및 기타 세제 제조업","천연비누, 아로마향초, 순간조형물",강원특별자치도 춘천시 도화길 2 (효자동),강원특별자치도 춘천시 효자동 603-9번지,2025-02-06
청년푸줏간,정광열,033-250-4051,033-911-4815,7,가금류 가공 및 저장 처리업 외 2 종,닭갈비,강원특별자치도 춘천시 신동면 김유정로 1395,강원특별자치도 춘천시 신동면 증리 950-6,2025-02-06
춘천 종합 건설기계,"전병호,이일남",033-250-4051,033-264-8099,3,건설 및 채광용 기계장비 제조업,"적재함, 버켓등 건설기계부품, 건설중장비, 자동덮게",강원특별자치도 춘천시 동면 금촌로 300,강원특별자치도 춘천시 동면 만천리 243번지,2025-02-06
춘천막국수협의회영농조합법인,홍웅기,033-250-4225,033-3130-0801,4,곡물 제분업,메밀가루,강원특별자치도 춘천시 동내면 동내로 179,강원특별자치도 춘천시 동내면 신촌리 319-1번지,2025-02-06
춘천맛두부,임옥경,033-250-4051,033-256-5103,3,두부 및 유사식품 제조업,춘천맛두부,"강원특별자치도 춘천시 후석로462번길 21, 7동1호(후평동)",강원특별자치도 춘천시 후평동 623-42 7동1호,2025-02-06
춘천목재협동조합,(주)산이앤씨건축사사무소,033-250-4051,033-817-2306,15,일반 제재업,"대각재, 글루램, 원목마루, 활엽수판재, 데크재, 톱밥 등",,강원특별자치도 춘천시 동내면 학곡리 101-18 외 1필지,2025-02-06
춘천목재협동조합,(주)산이앤씨건축사무소,033-250-4051,033-817-2306,15,일반 제재업,건축목재,강원특별자치도 춘천시 동내면 영서로 1566,강원특별자치도 춘천시 동내면 학곡리 101-18,2025-02-06
춘천아크릴,김영도,033-250-4051,033-264-1906,0,그 외 기타 플라스틱 제품 제조업,아크릴가공품,강원특별자치도 춘천시 동내면 고은길 121,강원특별자치도 춘천시 동내면 고은리 311-14,2025-02-06
춘천양조장,강왕기,033-250-4225,,3,탁주 및 약주 제조업,탁주,"강원특별자치도 춘천시 공지로 61-7 (석사동, 춘천보문주조장)",강원특별자치도 춘천시 석사동 114-22번지,2025-02-06
춘천인쇄,조성현,033-250-4051,033-257-7870,2,기타 인쇄업,인쇄물,강원특별자치도 춘천시 서부대성로 168-1 (효자동),강원특별자치도 춘천시 효자동 603-13번지,2025-02-06
춘천전통산자,이정순,,033-241-9479,4,과자류 및 코코아 제품 제조업,한과,강원특별자치도 춘천시 충열로91번길 55-4 (우두동),강원특별자치도 춘천시 우두동 666-1번지,2025-02-06
타임스코프,김정훈,033-250-4225,02-6499-3211,1,"사진기, 영사기 및 관련 장비 제조업 ",카메라 회전삼각대,"강원특별자치도 춘천시 강원대학길 1, 보듬관 1006호 (효자동)",강원특별자치도 춘천시 효자동 192-1번지 보듬관 1006호,2025-02-06
태산산업,김기평,033-250-3431,033-251-3297,0,주방용 및 음식점용 목재가구 제조업,가구,강원특별자치도 춘천시 한계천길 25 (신동),강원특별자치도 춘천시 신동 1003-7,2025-02-06
태양싱크,박수갑,,033-251-7994,3,목재 도구 및 주방용 나무제품 제조업,씽크대,강원특별자치도 춘천시 동면 만천양지길 9,강원특별자치도 춘천시 동면 만천리 779-4번지,2025-02-06
투에스(2S)주식회사,이순희,033-250-4051,033-262-4424,5,금속 표시판 제조업 외 4 종,"도로교통안전표지판, 교통안전시설물",강원특별자치도 춘천시 동내면 영서로 1860-25,강원특별자치도 춘천시 동내면 신촌리 631-17,2025-02-06
페테리안,정원구,033-250-4051,,0,표면광택제 및 실내가향제 제조업,고양이모래,강원특별자치도 춘천시 동산면 영서로 844,강원특별자치도 춘천시 동산면 원창리 727-1,2025-02-06
하나솔루션(주),"음미라, 전찬석",033-250-4051,031-436-1026,11,육상 금속 골조 구조재 제조업 외 5 종,"자동제어시스템, 금구류, 수배전반",강원특별자치도 춘천시 동면 소양강로 218,강원특별자치도 춘천시 동면 장학리 665-0,2025-02-06
한진콘텍,이만희,033-250-4051,033-262-0542,3,콘크리트 관 및 기타 구조용 콘크리트 제품 제조업,콘크리트구조물,강원특별자치도 춘천시 신동면 한치로 843,강원특별자치도 춘천시 신동면 팔미리 557-3,2025-02-06
해찬솔C&S,나영숙,033-250-3361,033-257-3882,2,커튼 및 유사제품 제조업,"버티컬,롤스크린,커튼",강원특별자치도 춘천시 춘천로213번길 7 (효자동),강원특별자치도 춘천시 효자동 740-9번지,2025-02-06
행복동네,박원,033-250-4225,033-264-2929,3,떡류 제조업,떡류,강원특별자치도 춘천시 효석로135번길 15-12 (석사동),강원특별자치도 춘천시 석사동 670-4번지,2025-02-06
협동조합비앤비(B&B),문관형,033-250-4051,033-242-0371,2,"치약, 비누 및 기타 세제 제조업",천연비누,"강원특별자치도 춘천시 강원대학길 1, 보듬관 502호 (효자동, 강원대학교)",강원특별자치도 춘천시 효자동 192-1번지 강원대학교 보듬관 502호,2025-02-06
형제기업,정영민,033-250-3361,033-262-0909,6,육상 금속 골조 구조재 제조업 외 1 종,건물철골,강원특별자치도 춘천시 동내면 거두택지길 51-6,강원특별자치도 춘천시 동내면 거두리 716-8번지,2025-02-06
형제인쇄공사,이혜옥,033-250-4051,033-256-1911,3,기타 인쇄관련 산업,인쇄물,강원특별자치도 춘천시 운천길 26-1(운교동),강원특별자치도 춘천시 운교동 175,2025-02-06
혜원산업,최용화,,033-262-6382,5,"치약, 비누 및 기타 세제 제조업",주방세제,강원특별자치도 춘천시 동내면 거두길 162,강원특별자치도 춘천시 동내면 거두리 483번지,2025-02-06
호명산업,성명희,033-250-3361,,3,주방용 및 음식점용 목재가구 제조업 외 2 종,"주방가구,붙박이장,책장","강원특별자치도 춘천시 신동로 92-16 (신동, 호명씽크산업)",강원특별자치도 춘천시 신동 397-2번지,2025-02-06
호반산업(합),신정아,033-250-4051,033-254-2225,4,그 외 기타 분류 안된 비금속 광물제품 제조업,미끄럼방지포장제,강원특별자치도 춘천시 신동면 순환대로 309-46,강원특별자치도 춘천시 신동면 정족리 274-2,2025-02-06
호산산업,최문선,033-250-3361,033-243-2080,1,주방용 및 음식점용 목재가구 제조업 외 1 종,"가구,사무용가구",강원특별자치도 춘천시 동내면 고은길 117,강원특별자치도 춘천시 동내면 고은리 311-9번지,2025-02-06
화인코(주),임건빈,033-250-3361,033-241-2309,8,화장품 제조업 외 2 종,화장품,"강원특별자치도 춘천시 신북읍 신북로 61-20, 강원테크노파크 생물산업단지 내201호",강원특별자치도 춘천시 신북읍 율문리 941 번지 강원테크노파크 생물산업단지 내201호,2025-02-06
황소국수,김석종,033-250-4051,033-253-6644,4,"면류, 마카로니 및 유사식품 제조업",황소표국수,강원특별자치도 춘천시 동면 만천리 538-5번지,강원특별자치도 춘천시 동면 만천리 538-5번지,2025-02-06
효자식품,염현철,,,3,두부 및 유사식품 제조업,두부,강원특별자치도 춘천시 효명2길 5 (효자동),강원특별자치도 춘천시 효자동 432-7번지,2025-02-06
휴젤(주),문경엽,033-250-3361,033-255-3884,52,생물학적 제제 제조업,보톨리눔 톡신 A형,"강원특별자치도 춘천시 신북읍 신북로 61-20, 강원테크노파크",강원특별자치도 춘천시 신북읍 율문리 941번지 춘천벤처공장 강원테크노파크,2025-02-06
